date,SPY,IWM,TLT,LQD,SHV
2010-01-04,84.5785,51.1112,55.0708,56.746,87.1757
2010-01-05,84.8024,50.9355,55.4265,57.0171,87.1441
2010-01-06,84.8621,50.8875,54.6845,56.849,87.152
2010-01-07,85.2203,51.263,54.7765,56.9195,87.152
2010-01-08,85.5039,51.5426,54.7519,57.0442,87.1836
2010-01-11,85.6233,51.3349,54.4515,57.1038,87.1836
2010-01-12,84.8248,50.7757,55.3836,57.2122,87.1757
2010-01-13,85.5412,51.4308,54.7397,56.9737,87.1678
2010-01-14,85.7726,51.6225,55.5062,57.1796,87.1678
2010-01-15,84.8098,50.8716,55.8496,57.1579,87.1599
2010-01-19,85.8696,51.8062,55.6901,57.2067,87.1757
2010-01-20,84.9964,51.0553,56.2543,57.1688,87.1757
2010-01-21,83.362,50.2165,56.5118,57.3206,87.1757
2010-01-22,81.5037,49.3138,56.4137,57.2338,87.1599
2010-01-25,81.9217,49.3697,56.1561,57.2284,87.1915
2010-01-26,81.5783,48.8824,56.1745,57.0767,87.1915
2010-01-27,81.9664,49.4016,56.1439,56.8707,87.1599
2010-01-28,81.0261,48.5548,56.1132,56.7894,87.1599
2010-01-29,80.1454,48.0196,56.6038,57.1526,87.1915
2010-02-01,81.3918,48.5868,56.09,56.8978,87.1694
2010-02-02,82.3769,49.1221,56.2499,57.0774,87.1852
2010-02-03,81.9664,48.7945,55.5977,57.0175,87.1773
2010-02-04,79.4365,47.1648,56.4776,57.0121,87.1773
2010-02-05,79.6006,47.3486,56.6007,56.838,87.1615
2010-02-08,79.026,46.8773,56.6746,56.8924,87.1931
2010-02-09,80.0186,47.5243,56.1085,56.7617,87.1931
2010-02-10,79.8619,47.6362,55.5731,56.3208,87.1852
2010-02-11,80.6977,48.3951,55.2716,56.4515,87.1931
2010-02-12,80.6305,48.7466,55.4992,56.5168,87.1931
2010-02-16,81.8993,49.5694,55.6039,56.74,87.1694
2010-02-17,82.2873,49.9049,54.97,56.5494,87.1852
2010-02-18,82.7724,50.3123,54.7485,56.5113,87.1931
2010-02-19,82.9441,50.3763,55.0438,56.7127,87.1773
2010-02-22,82.959,50.528,54.8162,56.7454,87.1852
2010-02-23,81.9515,49.9369,55.6715,56.8815,87.1852
2010-02-24,82.7053,50.3603,55.8069,57.1264,87.1773
2010-02-25,82.5933,50.3763,56.1207,57.0666,87.201
2010-02-26,82.6456,50.1686,56.41,57.4421,87.1931
2010-03-01,83.5038,51.3349,56.3853,57.516,87.1916
2010-03-02,83.7352,51.7263,56.3112,57.6362,87.152
2010-03-03,83.8098,52.0219,56.1692,57.7565,87.1757
2010-03-04,84.0635,52.1577,56.4655,57.7837,87.1836
2010-03-05,85.2651,53.2202,55.7247,57.7127,87.1757
2010-03-08,85.28,53.3161,55.4346,57.8057,87.1916
2010-03-09,85.4218,53.5078,55.447,57.751,87.1836
2010-03-10,85.8024,53.9632,55.305,57.8057,87.1757
2010-03-11,86.1606,54.1229,55.5087,57.7837,87.1678
2010-03-12,86.1681,54.0989,55.8544,57.904,87.1836
2010-03-15,86.1905,53.9152,55.7803,57.8931,87.1836
2010-03-16,86.8771,54.3785,56.2248,58.1609,87.1599
2010-03-17,87.392,54.6981,56.4655,58.3741,87.1836
2010-03-18,87.3472,54.5303,56.2803,58.2593,87.1836
2010-03-19,86.9051,53.8513,56.3359,58.2156,87.1836
2010-03-22,87.3698,54.6102,56.3976,58.3085,87.1836
2010-03-23,87.9842,55.3052,56.1322,58.2702,87.1916
2010-03-24,87.5571,54.6742,55.1074,57.8384,87.1757
2010-03-25,87.4147,54.3298,54.7555,57.6307,87.1757
2010-03-26,87.3622,54.3058,54.9099,57.8057,87.1678
2010-03-29,87.9168,54.6021,54.7,57.7565,87.1678
2010-03-30,87.9768,54.7703,54.8729,57.7892,87.1916
2010-03-31,87.677,54.2978,55.2494,57.8166,87.1836
2010-04-01,88.2765,54.8023,55.1143,57.9423,87.1544
2010-04-05,88.9959,55.8274,54.1973,57.4097,87.1464
2010-04-06,89.2057,56.1557,54.2841,57.547,87.1623
2010-04-07,88.6961,55.9796,54.978,57.838,87.1544
2010-04-08,89.0034,55.9235,55.0028,57.7282,87.1544
2010-04-09,89.5879,56.2598,55.1329,57.7666,87.1623
2010-04-12,89.7303,56.4921,55.4241,57.9313,87.1702
2010-04-13,89.7977,56.6202,55.6039,58.14,87.1623
2010-04-14,90.8169,57.8295,55.2134,58.0905,87.1623
2010-04-15,90.8918,58.0057,55.2755,58.1894,87.1623
2010-04-16,89.4455,57.2289,55.6782,58.3266,87.1939
2010-04-19,89.7827,56.9486,55.5419,58.1784,87.1544
2010-04-20,90.5846,57.7254,55.7401,58.3047,87.1781
2010-04-21,90.4197,58.1258,56.1987,58.5078,87.1702
2010-04-22,90.6895,58.7425,56.0314,58.3761,87.1781
2010-04-23,91.2815,59.3672,55.8331,58.3651,87.1781
2010-04-26,90.9368,59.1429,55.8951,58.3925,87.1781
2010-04-27,88.786,57.7895,56.6819,58.431,87.1781
2010-04-28,89.4605,57.8856,56.1987,58.5298,87.1623
2010-04-29,90.5696,59.1109,56.4341,58.678,87.1702
2010-04-30,89.0334,57.3811,57.0847,58.9196,87.1781
2010-05-03,90.1874,58.6704,57.0101,58.9372,87.1591
2010-05-04,88.0667,56.8285,58.036,59.0089,87.1512
2010-05-05,87.5421,55.9956,58.3779,58.7553,87.1749
2010-05-06,84.6345,53.8973,60.1811,57.7849,87.1749
2010-05-07,83.3756,52.3437,59.4288,57.9724,87.167
2010-05-10,87.0475,55.2828,58.1977,58.3362,87.1591
2010-05-11,86.8002,55.6512,58.0485,58.3969,87.167
2010-05-12,88.0142,57.357,57.607,58.3749,87.1749
2010-05-13,86.9201,56.8044,57.9863,58.5458,87.1828
2010-05-14,85.3464,55.7073,58.9935,58.5292,87.1907
2010-05-17,85.3914,55.8114,58.7759,58.6285,87.167
2010-05-18,84.2298,54.7382,59.6775,58.816,87.167
2010-05-19,83.7503,54.0895,59.8765,58.849,87.1828
2010-05-20,80.5879,51.3506,61.1387,58.7167,87.1907
2010-05-21,81.7644,52.1114,61.2008,58.6174,87.1907
2010-05-24,80.7153,51.4147,60.9895,58.7719,87.1907
2010-05-25,80.7977,51.4067,61.2878,58.4907,87.1828
2010-05-26,80.3106,51.5348,61.1138,58.5292,87.167
2010-05-27,83.0009,53.7452,59.7272,58.226,87.1907
2010-05-28,81.9593,53.0564,60.0008,58.1488,87.1907
2010-06-01,80.5804,51.4467,60.4226,58.1006,87.1876
2010-06-02,82.6786,52.9123,59.8486,58.3055,87.1955
2010-06-03,82.9634,53.593,59.4119,58.1172,87.1797
2010-06-04,80.0484,50.9022,61.009,58.4716,87.2113
2010-06-07,79.0516,49.5887,61.4769,58.7152,87.1797
2010-06-08,79.8985,49.5647,61.1712,58.7152,87.2113
2010-06-09,79.4713,49.5968,61.1025,58.7374,87.1876
2010-06-10,81.7944,51.3106,60.0108,58.4937,87.2113
2010-06-11,82.1916,52.0073,60.7719,58.7097,87.2192
2010-06-14,82.0642,52.3357,60.4599,58.5989,87.2113
2010-06-15,83.9301,53.6491,60.2104,58.527,87.1797
2010-06-16,83.9001,53.4008,60.5535,58.5879,87.1955
2010-06-17,84.035,53.4649,61.0464,58.9755,87.2113
2010-06-18,84.1261,53.4969,60.9466,58.9699,87.1955
2010-06-21,83.8852,52.9443,60.7719,59.1194,87.2113
2010-06-22,82.4998,51.8552,61.4956,59.4074,87.1876
2010-06-23,82.2438,51.711,61.9136,59.6566,87.1955
2010-06-24,80.881,50.8861,61.5455,59.4184,87.1955
2010-06-25,81.2198,51.7591,61.7951,59.5181,87.2113
2010-06-28,80.9638,51.4627,62.3753,59.8448,87.2034
2010-06-29,78.464,49.5167,63.0553,59.8171,87.2034
2010-06-30,77.7186,48.9481,63.4795,60.0552,87.2192
2010-07-01,77.3723,48.5957,63.5797,60.1219,87.1852
2010-07-02,76.9506,48.0646,63.0728,59.9496,87.201
2010-07-06,77.4551,47.4379,63.5922,60.1998,87.1852
2010-07-07,79.8946,49.0931,62.8475,60.2386,87.2089
2010-07-08,80.6852,49.8001,62.447,60.0886,87.2247
2010-07-09,81.2875,50.5715,62.0903,60.0163,87.2247
2010-07-12,81.3403,50.001,62.0652,60.0886,87.2247
2010-07-13,82.5675,51.5839,61.5334,60.1219,87.201
2010-07-14,82.56,51.3991,62.1529,60.3888,87.2327
2010-07-15,82.5826,50.925,62.7724,60.4944,87.2089
2010-07-16,80.3087,49.0689,63.0791,60.6,87.2168
2010-07-19,80.7831,49.2779,62.691,60.5889,87.201
2010-07-20,81.6791,50.1055,62.7849,60.6556,87.2089
2010-07-21,80.6174,49.2055,63.8488,60.9503,87.201
2010-07-22,82.4169,50.9571,63.1104,60.8725,87.2168
2010-07-23,83.1322,52.2106,62.4407,60.9503,87.201
2010-07-26,83.9981,53.3998,62.3343,61.0059,87.1931
2010-07-27,83.9906,53.2069,61.7336,60.8002,87.2089
2010-07-28,83.4485,52.3472,61.9339,61.017,87.2247
2010-07-29,83.0419,52.2106,61.9151,61.0393,87.201
2010-07-30,83.0268,52.2427,62.8788,61.3228,87.201
2010-08-02,84.9017,53.1507,61.996,61.1927,87.1994
2010-08-03,84.4951,52.7248,62.3539,61.3434,87.1994
2010-08-04,85.0598,53.2792,61.8768,61.1537,87.2311
2010-08-05,84.9694,52.6525,62.1656,61.2653,87.2074
2010-08-06,84.6231,52.3391,62.8436,61.6169,87.2074
2010-08-09,85.0748,52.9177,62.6114,61.8179,87.2074
2010-08-10,84.6156,51.9213,62.7432,61.7398,87.2074
2010-08-11,82.2965,49.8805,63.5844,61.7342,87.2153
2010-08-12,81.792,49.6314,63.4275,61.5165,87.2311
2010-08-13,81.551,49.0689,64.2185,61.7565,87.2074
2010-08-16,81.5134,49.4627,65.8257,62.4375,87.2153
2010-08-17,82.5148,50.3144,65.4491,62.337,87.2232
2010-08-18,82.6654,50.467,65.6248,62.3928,87.239
2010-08-19,81.2273,49.085,66.6482,62.4598,87.2153
2010-08-20,80.9638,49.1332,66.5728,62.5714,87.239
2010-08-23,80.6551,48.4663,66.5854,62.7054,87.2153
2010-08-24,79.4579,47.9119,67.6526,62.8505,87.2074
2010-08-25,79.7666,48.6351,67.4329,62.9677,87.2153
2010-08-26,79.232,48.2735,68.067,63.0236,87.2074
2010-08-27,80.4593,49.535,66.1396,62.4542,87.2311
2010-08-30,79.2922,48.4503,67.4078,62.8617,87.2153
2010-08-31,79.2922,48.3539,68.1549,63.0738,87.2232
2010-09-01,81.664,50.226,66.7456,62.5998,87.2224
2010-09-02,82.4245,50.7804,66.0404,62.5214,87.2224
2010-09-03,83.4937,51.6883,65.2219,62.0507,87.2303
2010-09-07,82.5525,50.7081,66.5568,62.5101,87.2145
2010-09-08,83.1322,51.0054,66.0279,62.3869,87.2145
2010-09-09,83.5163,51.0375,64.7244,62.0619,87.2145
2010-09-10,83.9379,51.1982,64.4285,62.1068,87.2145
2010-09-13,84.8715,52.4436,64.7434,62.1908,87.2461
2010-09-14,84.8188,52.2186,65.3667,62.4822,87.2224
2010-09-15,85.1426,52.5159,64.397,62.3813,87.2382
2010-09-16,85.12,52.1785,63.761,62.1852,87.2461
2010-09-17,85.1518,52.3954,64.0192,62.3869,87.2303
2010-09-20,86.4538,53.8497,64.3907,62.4653,87.2303
2010-09-21,86.2797,53.5363,65.2848,62.9416,87.2303
2010-09-22,85.8558,52.9016,65.8704,62.9023,87.2303
2010-09-23,85.1594,52.2612,66.0593,62.9472,87.2541
2010-09-24,86.9156,53.9608,65.1715,62.8071,87.2303
2010-09-27,86.4992,53.8239,66.3049,63.1321,87.2461
2010-09-28,86.802,54.3555,66.7583,63.2442,87.2461
2010-09-29,86.6506,54.5086,66.4812,63.1825,87.2382
2010-09-30,86.3932,54.3716,66.4371,63.3617,87.2461
2010-10-01,86.7566,54.6616,66.1161,63.0547,87.2374
2010-10-04,86.1056,53.9205,66.2867,63.1559,87.2216
2010-10-05,87.8391,55.451,65.8885,63.2853,87.2374
2010-10-06,87.8315,55.2657,66.7165,63.6959,87.2374
2010-10-07,87.7255,55.1046,66.1602,63.679,87.2295
2010-10-08,88.2175,55.8054,65.8696,63.6171,87.2612
2010-10-11,88.3008,55.8538,65.8822,63.6734,87.2295
2010-10-12,88.5733,55.9987,65.2312,63.5778,87.2374
2010-10-13,89.2622,56.8526,65.1301,63.544,87.2533
2010-10-14,88.914,56.8123,64.1568,63.0322,87.2295
2010-10-15,89.0956,56.619,63.3731,62.6329,87.2533
2010-10-18,89.5346,57.0942,63.8851,63.0659,87.2374
2010-10-19,88.3614,55.9827,64.2705,63.0716,87.2612
2010-10-20,89.2243,56.5546,64.4096,63.1841,87.2533
2010-10-21,89.4211,56.2807,63.6448,63.0153,87.2453
2010-10-22,89.5877,56.6432,64.0747,63.094,87.2612
2010-10-25,89.8526,56.9815,64.2579,63.319,87.2453
2010-10-26,89.8678,56.9412,63.2656,62.9816,87.2612
2010-10-27,89.6104,56.7962,62.7094,62.8184,87.2374
2010-10-28,89.6255,56.4498,62.8801,63.0716,87.2453
2010-10-29,89.6936,56.6271,63.4679,63.1953,87.2453
2010-11-01,89.7239,56.2404,63.1947,63.1739,87.2208
2010-11-02,90.4355,57.4084,64.0252,63.4674,87.2366
2010-11-03,90.7988,57.6339,62.7191,63.2585,87.2683
2010-11-04,92.5474,59.0919,63.2073,63.857,87.2683
2010-11-05,92.8956,59.4221,62.1231,63.6538,87.2445
2010-11-08,92.7216,59.3738,62.4021,63.6877,87.2445
2010-11-09,92.0554,58.5844,61.0262,63.2134,87.2366
2010-11-10,92.4263,59.2369,61.1086,63.0779,87.2366
2010-11-11,92.0781,59.0033,61.0769,62.8012,87.2287
2010-11-12,90.9881,58.0206,60.7472,62.3608,87.2366
2010-11-15,90.8594,58.0286,59.4791,61.6776,87.2366
2010-11-16,89.4438,56.9009,60.9564,62.0051,87.2366
2010-11-17,89.4893,57.054,60.6204,62.0051,87.2445
2010-11-18,90.8064,58.1656,60.8677,62.0503,87.2366
2010-11-19,91.0562,58.3589,61.2418,62.2648,87.2524
2010-11-22,90.9805,58.6408,61.5018,62.6092,87.2604
2010-11-23,89.6634,58.085,61.8061,62.6431,87.2287
2010-11-24,90.9881,59.3899,60.7028,62.1294,87.2366
2010-11-26,89.9283,58.9791,61.5461,62.2084,87.2366
2010-11-29,90.2008,59.0677,62.0724,62.2704,87.2208
2010-11-30,89.6936,58.6006,62.3957,62.1745,87.2445
2010-12-01,91.6012,59.9135,61.0087,62.0362,87.228
2010-12-02,92.7745,60.5176,60.8496,61.9002,87.2438
2010-12-03,93.0243,60.9526,60.3725,61.7245,87.2517
2010-12-06,92.9259,61.3312,61.2251,62.1552,87.2596
2010-12-07,92.9789,61.6856,59.9144,61.5771,87.2596
2010-12-08,93.3195,61.6453,59.3355,61.1803,87.2596
2010-12-09,93.6829,61.8548,59.6281,61.3277,87.2596
2010-12-10,94.2279,62.6281,59.2654,61.0443,87.2438
2010-12-13,94.2884,62.3059,59.4881,61.271,87.2438
2010-12-14,94.3717,62.2736,58.6228,60.8969,87.2596
2010-12-15,93.9403,62.0803,57.8593,60.5172,87.2596
2010-12-16,94.4853,62.6522,58.2602,60.8119,87.2596
2010-12-17,94.5865,62.8456,59.3227,61.3674,87.2438
2010-12-20,94.8148,63.0953,59.2591,61.3277,87.2675
2010-12-21,95.4159,63.796,59.6726,61.4581,87.2675
2010-12-22,95.7127,63.7774,59.2463,61.407,87.2438
2010-12-23,95.5757,63.6965,59.1255,61.4354,87.2359
2010-12-27,95.6138,63.8907,59.6535,61.5544,87.2359
2010-12-28,95.7507,63.7127,58.4852,61.0639,87.2755
2010-12-29,95.8192,63.8503,59.4748,61.5248,87.2755
2010-12-30,95.667,63.7289,59.4301,61.5533,87.2675
2010-12-31,95.6899,63.3081,60.0877,61.7069,87.2755
2011-01-03,96.6791,64.4086,59.6344,61.9459,87.2675
2011-01-04,96.6258,63.4538,59.7046,62.0256,87.2755
2011-01-05,97.1281,64.1982,58.3895,61.5704,87.2755
2011-01-06,96.9378,63.8988,58.6448,61.6614,87.2755
2011-01-07,96.7476,63.5347,58.9577,61.9743,87.2755
2011-01-10,96.6258,63.8988,59.2769,62.0825,87.2438
2011-01-11,96.9683,64.1577,58.9449,62.054,87.2438
2011-01-12,97.8434,64.708,58.4852,62.0142,87.2517
2011-01-13,97.6835,64.6837,59.0087,62.2816,87.2438
2011-01-14,98.3913,65.1692,58.6321,61.9858,87.2438
2011-01-18,98.5587,65.2177,58.3576,61.9516,87.2438
2011-01-19,97.5923,63.5428,58.7789,61.9061,87.2517
2011-01-20,97.4629,62.8793,57.9681,61.6387,87.2517
2011-01-21,97.6835,62.4585,58.4278,61.7297,87.2438
2011-01-24,98.239,62.9197,58.4533,61.7582,87.2596
2011-01-25,98.2923,63.0169,59.0087,62.0654,87.2438
2011-01-26,98.6728,64.0202,58.115,61.7183,87.2517
2011-01-27,98.9163,64.2063,58.3767,61.8207,87.2517
2011-01-28,97.1889,62.6366,58.6832,61.9004,87.2596
2011-01-31,97.9195,63.0735,58.2363,61.7297,87.2596
2011-02-01,99.487,64.53,57.948,61.648,87.2754
2011-02-02,99.2968,64.2872,57.9608,61.528,87.2596
2011-02-03,99.5175,64.5138,57.4803,61.3795,87.2754
2011-02-04,99.799,64.6271,56.8973,61.1909,87.2517
2011-02-07,100.423,65.2663,57.192,61.2595,87.2675
2011-02-08,100.8796,65.7275,56.6666,61.0367,87.2675
2011-02-09,100.6512,65.4362,57.16,61.4309,87.2754
2011-02-10,100.6893,65.6952,56.5001,61.1281,87.2754
2011-02-11,101.2905,66.4072,57.3137,61.4652,87.2675
2011-02-14,101.534,66.747,57.3521,61.5052,87.2754
2011-02-15,101.2144,66.3667,57.6084,61.6423,87.2596
2011-02-16,101.8536,66.9007,57.4226,61.568,87.2754
2011-02-17,102.158,67.3701,57.5123,61.6823,87.2834
2011-02-18,102.371,67.4429,57.3329,61.7737,87.2596
2011-02-22,100.3165,65.7113,58.1914,61.9451,87.2675
2011-02-23,99.7001,64.5785,58.4028,61.8708,87.2517
2011-02-24,99.6316,64.9912,58.7744,61.9394,87.2596
2011-02-25,100.6969,66.4962,59.1204,62.2307,87.2754
2011-02-28,101.3209,66.569,59.1972,62.3964,87.2675
2011-03-01,99.6316,65.2339,59.3688,62.3975,87.2588
2011-03-02,99.8447,65.509,58.4562,62.0649,87.2588
2011-03-03,101.5644,66.9979,57.8841,61.801,87.2588
2011-03-04,100.8035,66.7066,58.3662,62.0362,87.2588
2011-03-07,100.0121,65.6142,57.9934,61.8813,87.2588
2011-03-08,100.8872,66.6823,57.64,61.801,87.2588
2011-03-09,100.7426,66.4153,58.1991,62.1222,87.2905
2011-03-10,98.8783,64.708,59.176,62.3746,87.2984
2011-03-11,99.5631,64.8779,58.8418,62.3172,87.2905
2011-03-14,98.962,64.53,58.8161,62.386,87.2984
2011-03-15,97.8281,63.9554,59.6967,62.3803,87.2905
2011-03-16,96.0171,63.3162,60.3715,62.7531,87.2746
2011-03-17,97.2879,63.4538,59.9087,62.713,87.2746
2011-03-18,97.6417,64.2953,60.0694,62.7531,87.2984
2011-03-21,99.1549,65.7841,59.7159,62.5524,87.2905
2011-03-22,98.811,65.4362,59.9152,62.6671,87.2746
2011-03-23,99.0938,65.6385,59.8381,62.627,87.2984
2011-03-24,100.0415,66.0918,59.3881,62.4204,87.2825
2011-03-25,100.3472,66.6674,59.2403,62.3287,87.2905
2011-03-28,100.1027,66.5215,59.3239,62.3516,87.2905
2011-03-29,100.7752,67.1458,58.8676,62.0477,87.2746
2011-03-30,101.4707,68.0134,59.3367,62.2598,87.2746
2011-03-31,101.3331,68.2486,59.2146,62.0591,87.2825
2011-04-01,101.761,68.5486,59.5025,62.3522,87.3063
2011-04-04,101.8452,68.7027,59.567,62.4962,87.2984
2011-04-05,101.8299,69.0757,59.3282,62.5307,87.2746
2011-04-06,102.1508,69.2297,58.4375,62.3292,87.2825
2011-04-07,101.891,68.8162,58.3213,62.237,87.3063
2011-04-08,101.5394,68.0945,58.0115,62.2025,87.2984
2011-04-11,101.2337,67.4864,58.0631,62.2083,87.2904
2011-04-12,100.4771,66.6026,58.6893,62.4271,87.3142
2011-04-13,100.4695,66.6918,59.0571,62.5365,87.3142
2011-04-14,100.5459,66.9999,59.0119,62.381,87.3221
2011-04-15,100.9128,67.7134,59.8122,62.7093,87.3063
2011-04-18,99.7816,66.5945,59.9478,62.7956,87.3142
2011-04-19,100.3548,66.6107,60.206,62.9281,87.33
2011-04-20,101.7229,67.9729,59.8187,62.9568,87.3221
2011-04-21,102.2426,68.4756,59.7671,63.0144,87.3379
2011-04-25,102.1356,68.3864,59.993,63.0778,87.2984
2011-04-26,103.0144,69.0676,60.5739,63.3715,87.3063
2011-04-27,103.687,69.4811,59.9543,63.2908,87.33
2011-04-28,104.0233,69.7973,60.4125,63.4924,87.3063
2011-04-29,104.2678,70.0487,60.5997,63.6133,87.33
2011-05-02,104.1074,69.2297,60.6969,63.7619,87.3134
2011-05-03,103.7329,68.354,61.0405,63.733,87.3292
2011-05-04,103.045,67.4702,61.3127,63.8255,87.3372
2011-05-05,102.1126,67.1621,61.8961,64.0451,87.3292
2011-05-06,102.5635,67.5189,61.6239,64.0451,87.3372
2011-05-09,102.961,68.3053,61.559,64.1088,87.2976
2011-05-10,103.8399,69.3513,61.1183,63.8486,87.3214
2011-05-11,102.747,68.0702,61.4683,63.9526,87.2976
2011-05-12,103.2361,68.6702,61.0794,63.8024,87.3055
2011-05-13,102.4412,67.7134,61.6303,63.9931,87.3372
2011-05-16,101.7916,66.7242,61.9739,64.1781,87.2976
2011-05-17,101.7764,66.5134,62.6091,64.2648,87.3292
2011-05-18,102.6858,67.5351,61.7794,64.103,87.3134
2011-05-19,102.9304,67.681,61.7535,64.2128,87.3134
2011-05-20,102.1126,67.1864,61.7859,64.1665,87.2976
2011-05-23,100.928,65.9782,62.0841,64.1261,87.3214
2011-05-24,100.844,65.662,62.3174,64.207,87.3055
2011-05-25,101.1802,66.4891,62.0257,64.0798,87.3214
2011-05-26,101.6464,67.3648,62.5572,64.3573,87.3134
2011-05-27,102.0362,67.827,62.5313,64.4267,87.3292
2011-05-31,103.0985,68.7918,62.6739,64.4209,87.3214
2011-06-01,100.7828,66.5783,63.521,64.743,87.3206
2011-06-02,100.6758,66.5539,62.3109,64.1569,87.3206
2011-06-03,99.6746,65.5809,62.6687,64.2961,87.3206
2011-06-06,98.62,64.5025,62.1938,64.1859,87.3047
2011-06-07,98.5588,64.6566,62.48,64.4064,87.3047
2011-06-08,98.1461,63.9349,62.968,64.447,87.2968
2011-06-09,98.8951,64.2754,62.7142,64.2729,87.2968
2011-06-10,97.5194,63.2457,63.1956,64.1975,87.3047
2011-06-13,97.5959,63.0673,62.8769,64.2672,87.2889
2011-06-14,98.834,64.4214,61.9271,64.0756,87.2968
2011-06-15,97.0762,63.27,63.0525,64.4296,87.3047
2011-06-16,97.2902,63.416,63.3388,64.3077,87.3126
2011-06-17,97.5805,63.4322,63.0395,64.331,87.3126
2011-06-20,98.0797,64.016,63.1176,64.3426,87.3206
2011-06-21,99.4238,65.4026,62.8379,64.3251,87.3285
2011-06-22,98.8247,64.8998,62.8769,64.4122,87.3285
2011-06-23,98.5406,65.1512,63.3583,64.5805,87.3285
2011-06-24,97.3961,64.8187,63.0916,64.6153,87.3126
2011-06-27,98.264,65.3214,62.2264,64.4064,87.3047
2011-06-28,99.5467,66.335,61.7254,63.9595,87.3126
2011-06-29,100.3992,66.6512,61.3156,63.8145,87.3285
2011-06-30,101.3592,67.1377,61.218,63.9073,87.3364
2011-07-01,102.857,68.1837,61.1201,63.9108,87.3348
2011-07-05,102.7725,68.348,61.2571,64.138,87.3348
2011-07-06,102.8954,68.6245,61.5705,64.272,87.3427
2011-07-07,103.9629,69.6574,61.3877,64.2895,87.3269
2011-07-08,103.2256,69.2345,62.2559,64.7031,87.319
2011-07-11,101.3592,67.7624,63.1894,64.9186,87.319
2011-07-12,100.9215,67.3802,63.4048,64.9711,87.311
2011-07-13,101.2594,67.982,63.581,65.1342,87.319
2011-07-14,100.5605,66.9004,62.6736,64.7322,87.3269
2011-07-15,101.1442,67.3477,62.7781,64.8778,87.319
2011-07-18,100.3147,66.266,62.171,64.6274,87.319
2011-07-19,101.943,67.7624,63.4635,64.9419,87.319
2011-07-20,101.8815,67.6486,62.7128,64.7905,87.3031
2011-07-21,103.2948,68.2667,62.2298,64.6914,87.3031
2011-07-22,103.3639,68.3561,62.6998,64.9536,87.2952
2011-07-25,102.7879,67.551,62.0144,64.6448,87.319
2011-07-26,102.4038,67.0386,62.4387,64.9303,87.2873
2011-07-27,100.3071,65.038,62.4452,64.738,87.3031
2011-07-28,100.0152,64.9323,62.6802,64.8778,87.2794
2011-07-29,99.3316,64.8509,63.9205,65.4604,87.2873
2011-08-01,98.9092,64.428,64.5656,65.654,87.2754
2011-08-02,96.3823,62.4192,66.5042,66.2036,87.3229
2011-08-03,96.9046,62.834,66.6352,66.1802,87.3309
2011-08-04,92.3654,59.0441,69.0062,66.6597,87.3309
2011-08-05,92.2272,58.0112,67.0152,65.8352,87.3309
2011-08-08,86.2211,52.9608,69.1307,65.2096,87.315
2011-08-09,90.2303,56.4904,69.3402,65.7943,87.3467
2011-08-10,86.2441,53.7252,71.4034,66.3849,87.3229
2011-08-11,90.1151,56.4091,67.8011,65.0224,87.3309
2011-08-12,90.7218,56.7588,69.1438,65.7651,87.3229
2011-08-15,92.6419,58.361,68.443,65.8878,87.3229
2011-08-16,91.8508,57.2874,69.576,66.1275,87.3309
2011-08-17,91.9123,57.3037,70.7942,66.3089,87.3309
2011-08-18,87.9492,54.0424,72.2482,66.3965,87.3309
2011-08-19,86.5129,53.0909,72.8312,66.3147,87.3467
2011-08-22,86.582,52.9038,72.6478,66.0691,87.3467
2011-08-23,89.4315,55.4575,71.6457,65.3148,87.3467
2011-08-24,90.6911,56.2789,69.6088,64.5429,87.3467
2011-08-25,89.3086,54.8964,70.362,64.8996,87.3309
2011-08-26,90.6066,56.2058,71.0562,64.9289,87.3309
2011-08-29,93.2103,58.8652,70.0738,65.1394,87.3546
2011-08-30,93.4561,59.2068,71.2003,65.4844,87.3309
2011-08-31,93.8708,59.0848,70.1,65.6832,87.3229
2011-09-01,92.8877,57.8161,71.586,65.7319,87.3269
2011-09-02,90.5145,55.6771,73.9115,66.1369,87.319
2011-09-06,89.8539,55.5226,74.6801,66.5242,87.3427
2011-09-07,92.3885,57.6209,73.2546,66.6533,87.319
2011-09-08,91.4284,56.5636,73.9115,66.5946,87.319
2011-09-09,89.0321,54.8964,74.6999,66.6651,87.319
2011-09-12,89.6081,55.3681,74.7787,66.2601,87.319
2011-09-13,90.4299,56.2627,73.7144,66.2484,87.3348
2011-09-14,91.6819,57.2712,74.3386,66.219,87.319
2011-09-15,93.2641,58.0763,73.2021,65.9901,87.3427
2011-09-16,93.816,58.1658,73.7342,65.9901,87.3269
2011-09-19,92.8819,57.1247,75.14,66.354,87.3269
2011-09-20,92.7738,56.2383,75.4553,66.3833,87.3269
2011-09-21,90.0409,54.1563,77.9517,66.536,87.319
2011-09-22,87.1303,52.6436,80.8816,66.6651,87.3348
2011-09-23,87.6553,53.1824,79.3773,66.2542,87.3269
2011-09-26,89.7398,54.1867,78.1028,66.131,87.3427
2011-09-27,90.7434,55.3542,76.9072,65.9197,87.3269
2011-09-28,88.8905,53.2314,76.8809,65.6556,87.3269
2011-09-29,89.5931,54.154,77.413,65.5852,87.319
2011-09-30,87.3542,52.4966,79.3575,65.9138,87.3348
2011-10-03,84.8683,49.7942,81.5414,66.0364,87.3158
2011-10-04,86.7289,52.8967,80.5074,65.4591,87.3317
2011-10-05,88.3347,53.6233,79.9279,65.7301,87.3317
2011-10-06,89.9328,54.8153,78.4526,65.465,87.3317
2011-10-07,89.3306,53.4763,77.873,65.406,87.3237
2011-10-10,92.3183,55.8195,76.7732,65.5297,87.3396
2011-10-11,92.411,56.2032,76.5163,65.7065,87.3158
2011-10-12,93.2216,57.0033,75.4033,65.8066,87.3158
2011-10-13,93.0363,56.9543,76.1541,65.8655,87.3158
2011-10-14,94.6267,58.081,75.0476,65.8243,87.3237
2011-10-17,92.8201,56.3175,76.345,65.7772,87.3317
2011-10-18,94.6344,57.8116,75.8709,66.0069,87.3317
2011-10-19,93.5149,56.6849,75.8445,66.1777,87.3317
2011-10-20,93.9241,56.84,75.3045,66.325,87.3158
2011-10-21,95.7075,58.0729,74.5076,66.543,87.3317
2011-10-24,96.8809,59.9425,74.6327,66.8846,87.3158
2011-10-25,94.9972,58.2606,76.5295,67.2145,87.3158
2011-10-26,95.9623,59.2649,75.1925,67.1674,87.3158
2011-10-27,99.3051,62.3918,72.6438,67.1556,87.3079
2011-10-28,99.2819,62.0734,73.4077,67.4148,87.3079
2011-10-31,96.8887,60.4242,76.3187,67.5679,87.3237
2011-11-01,94.1866,58.2851,78.8734,67.9061,87.3111
2011-11-02,95.7229,59.7221,77.8896,68.1544,87.3111
2011-11-03,97.4677,61.2079,76.8199,68.1898,87.319
2011-11-04,96.8732,60.9059,76.9123,68.3259,87.3348
2011-11-07,97.4754,60.7834,77.401,68.0539,87.3348
2011-11-08,98.7261,61.6733,76.4105,67.6342,87.3269
2011-11-09,95.0821,58.7342,77.9952,67.4569,87.319
2011-11-10,95.9777,59.1669,76.8331,67.1199,87.319
2011-11-11,97.7842,60.7263,76.3643,67.0016,87.3348
2011-11-14,96.8578,59.8527,77.5924,66.9958,87.319
2011-11-15,97.3365,60.612,77.4868,66.9307,87.319
2011-11-16,95.7924,59.6322,78.1933,66.7179,87.3427
2011-11-17,94.2715,58.7832,78.8206,66.1918,87.3269
2011-11-18,94.1712,58.7668,78.8008,66.2982,87.3348
2011-11-21,92.3801,57.3626,79.2696,66.0263,87.3427
2011-11-22,92.0172,56.8809,80.1545,65.8548,87.319
2011-11-23,89.9868,55.0929,80.9402,65.5179,87.3269
2011-11-25,89.8169,54.3908,79.7648,65.2577,87.3111
2011-11-28,92.4187,56.9788,79.7253,65.2873,87.3269
2011-11-29,92.6812,56.8727,79.0715,65.1395,87.3269
2011-11-30,96.4949,60.1956,77.8367,65.4351,87.3111
2011-12-01,96.4795,59.7629,77.4462,65.587,87.3317
2011-12-02,96.3946,60.0078,78.5318,66.1446,87.3317
2011-12-05,97.4446,61.0365,78.3729,66.637,87.3158
2011-12-06,97.4754,61.0936,77.6249,66.281,87.3158
2011-12-07,97.8383,60.9712,77.9029,66.6963,87.3237
2011-12-08,95.6921,59.0771,78.876,66.4709,87.3317
2011-12-09,97.3133,60.8569,77.2543,66.2158,87.3317
2011-12-12,95.8928,59.9833,78.1148,66.2217,87.3317
2011-12-13,94.9972,58.7342,78.8429,66.4471,87.3396
2011-12-14,93.9859,57.9994,80.3323,66.5598,87.3317
2011-12-15,94.3255,58.5382,80.0344,66.6666,87.3317
2011-12-16,94.4654,58.9954,80.9677,67.0404,87.3317
2011-12-19,93.4555,57.9749,81.9937,67.2776,87.3396
2011-12-20,96.2834,60.3017,79.9483,67.2302,87.3237
2011-12-21,96.4699,60.5467,78.8363,66.9454,87.3237
2011-12-22,97.3245,60.9322,79.1673,67.2955,87.3237
2011-12-23,98.1946,61.162,78.2869,67.0878,87.3079
2011-12-27,98.2723,61.3425,78.6588,67.3426,87.3182
2011-12-28,96.9826,60.2267,80.1131,67.4676,87.3182
2011-12-29,97.9849,60.8338,80.2591,67.4319,87.3182
2011-12-30,97.5032,60.5056,80.5181,67.7176,87.334
2012-01-03,99.057,61.5065,79.3096,67.664,87.3182
2012-01-04,99.2124,61.1702,78.3666,67.7176,87.3182
2012-01-05,99.4765,61.5148,78.2271,67.4259,87.3182
2012-01-06,99.2201,61.3589,78.8447,67.6879,87.3261
2012-01-09,99.461,61.6706,78.7052,67.5867,87.334
2012-01-10,100.3234,62.5731,78.5725,67.7771,87.334
2012-01-11,100.3778,62.8192,79.5951,67.7652,87.334
2012-01-12,100.6186,63.0079,79.4822,67.92,87.3182
2012-01-13,100.0981,62.6716,80.2724,68.164,87.3261
2012-01-17,100.4865,62.6469,80.6443,68.3724,87.3261
2012-01-18,101.5975,63.7627,79.6681,68.2355,87.3261
2012-01-19,102.1336,64.1565,78.5725,68.2176,87.3261
2012-01-20,102.5143,64.1975,77.6826,68.045,87.3102
2012-01-23,102.2502,64.1154,77.1912,67.9439,87.3182
2012-01-24,102.1336,64.4846,77.3306,68.1879,87.3261
2012-01-25,102.9882,65.0343,77.1447,68.42,87.334
2012-01-26,102.4599,64.9605,78.1673,68.9558,87.334
2012-01-27,102.4133,65.4035,78.4131,69.057,87.3261
2012-01-30,102.0637,64.8949,79.3361,68.9677,87.3182
2012-01-31,102.0248,64.8292,80.2525,69.17,87.3182
2012-02-01,102.9183,66.2239,79.3333,69.4454,87.3102
2012-02-02,103.0814,66.6013,79.2999,69.5888,87.3024
2012-02-03,104.5265,68.0535,77.5959,69.4872,87.2944
2012-02-06,104.4566,67.832,78.368,69.6664,87.3024
2012-02-07,104.7207,67.7909,77.3961,69.535,87.3024
2012-02-08,105.0315,67.9386,77.4561,69.6066,87.3024
2012-02-09,105.1636,67.6023,76.8769,69.3856,87.2944
2012-02-10,104.3867,66.6751,77.8755,69.32,87.2944
2012-02-13,105.1636,67.5366,77.9753,69.5589,87.2944
2012-02-14,105.0315,67.233,78.388,69.6127,87.2944
2012-02-15,104.5421,66.6751,78.2483,69.5171,87.3024
2012-02-16,105.6996,67.9304,77.6225,69.3976,87.2944
2012-02-17,105.9794,67.9222,77.6025,69.2901,87.2944
2012-02-21,106.026,67.4628,76.7438,69.1767,87.2944
2012-02-22,105.6841,66.9295,77.709,69.6066,87.3102
2012-02-23,106.1503,67.9304,77.709,69.7022,87.3102
2012-02-24,106.3833,67.7991,78.215,69.756,87.3102
2012-02-27,106.562,67.6843,78.9072,70.0128,87.2944
2012-02-28,106.8728,67.5038,78.6476,70.2338,87.3102
2012-02-29,106.4532,66.4947,78.1684,70.2995,87.3102
2012-03-01,107.0049,66.8392,77.4325,70.1336,87.2944
2012-03-02,106.6786,65.8383,78.1597,70.1574,87.2944
2012-03-05,106.2435,65.9122,77.5392,70.0316,87.3102
2012-03-06,104.6897,64.5995,78.4799,69.9237,87.3102
2012-03-07,105.42,65.2066,77.9995,69.8938,87.3024
2012-03-08,106.4688,66.0517,77.2189,69.9058,87.3024
2012-03-09,106.8806,66.9459,77.3724,69.8698,87.3102
2012-03-12,106.8883,66.8146,77.3591,69.7319,87.3102
2012-03-13,108.8151,68.1437,75.998,69.5402,87.3102
2012-03-14,108.6986,67.5858,74.0832,68.7131,87.3102
2012-03-15,109.3279,68.1519,74.1966,68.5633,87.3024
2012-03-16,109.4792,68.0945,74.3434,68.6651,87.2944
2012-03-19,109.9084,68.6688,73.4561,68.5693,87.2944
2012-03-20,109.5885,68.0535,73.7496,68.5273,87.2944
2012-03-21,109.409,68.0371,74.5836,68.8389,87.2944
2012-03-22,108.6209,67.3807,74.8238,68.725,87.3024
2012-03-23,108.972,68.0399,75.531,68.779,87.3024
2012-03-26,110.5015,69.4553,75.144,68.9288,87.2944
2012-03-27,110.1581,68.9698,75.6845,69.4622,87.2944
2012-03-28,109.6119,68.5666,75.5777,69.3304,87.3102
2012-03-29,109.4246,68.369,76.1448,69.4683,87.3024
2012-03-30,109.8772,68.1469,74.8571,69.3004,87.3024
2012-04-02,110.681,68.9862,75.2719,69.479,87.3102
2012-04-03,110.2283,68.5254,73.9675,68.8175,87.2944
2012-04-04,109.1359,67.4309,74.9842,68.9498,87.2944
2012-04-05,109.0813,67.1347,75.526,69.0641,87.2944
2012-04-09,107.8561,66.0319,77.2919,69.5151,87.2944
2012-04-10,106.0458,64.4766,78.1682,69.473,87.3024
2012-04-11,106.9042,65.39,77.2318,69.4009,87.3024
2012-04-12,108.301,66.3282,76.9107,69.4309,87.3102
2012-04-13,107.0134,65.4559,78.1549,69.7617,87.3261
2012-04-16,106.9432,65.5629,78.0411,69.7617,87.3182
2012-04-17,108.5273,66.5092,77.9943,69.8519,87.3182
2012-04-18,108.1605,66.0072,78.2217,69.8399,87.3102
2012-04-19,107.466,65.6287,78.2953,69.888,87.3102
2012-04-20,107.6455,66.0072,78.3087,69.87,87.3024
2012-04-23,106.7403,65.0938,78.8772,69.882,87.3024
2012-04-24,107.1461,65.5876,78.3221,69.7557,87.3024
2012-04-25,108.6131,66.608,77.9207,69.8759,87.3024
2012-04-26,109.37,67.2663,78.389,69.9902,87.3024
2012-04-27,109.5495,67.793,78.4559,70.0924,87.3102
2012-04-30,109.1437,67.0441,78.4759,70.0504,87.3024
2012-05-01,109.8226,67.11,78.0689,69.917,87.3102
2012-05-02,109.4948,67.291,78.6187,70.1463,87.3024
2012-05-03,108.6599,66.3446,78.5986,70.1886,87.2944
2012-05-04,106.9042,65.0856,79.2155,70.267,87.3182
2012-05-07,106.9822,65.2584,79.2289,70.3877,87.3102
2012-05-08,106.5531,65.2172,79.6513,70.5626,87.3182
2012-05-09,105.921,64.8469,79.705,70.442,87.3024
2012-05-10,106.1395,65.0938,79.4703,70.2971,87.3182
2012-05-11,105.8195,64.9292,80.1273,70.5084,87.3102
2012-05-14,104.649,64.0652,81.2472,70.5265,87.3024
2012-05-15,104.0482,63.9499,81.5758,70.4359,87.3102
2012-05-16,103.6502,63.4891,81.8104,70.4721,87.3024
2012-05-17,102.113,62.049,83.2588,69.9472,87.3024
2012-05-18,101.239,61.4647,83.2789,69.6757,87.2944
2012-05-21,102.9792,62.913,83.1045,69.7541,87.3024
2012-05-22,103.1586,62.5345,82.1793,69.567,87.3024
2012-05-23,103.2132,62.9377,82.7492,69.736,87.3024
2012-05-24,103.4161,63.0693,82.434,69.748,87.3102
2012-05-25,103.0806,63.0282,82.7424,69.923,87.3182
2012-05-29,104.3291,63.9417,82.4877,70.0256,87.3182
2012-05-30,102.8153,62.7155,84.5797,70.0859,87.3182
2012-05-31,102.589,62.6332,85.5586,70.5807,87.3261
2012-06-01,100.0061,60.7487,87.5898,71.0143,87.3024
2012-06-04,99.9593,60.6088,86.8978,70.4754,87.3261
2012-06-05,100.7162,61.3906,85.7354,70.3241,87.3261
2012-06-06,102.9792,62.9048,84.022,70.1182,87.3261
2012-06-07,103.0416,62.4933,84.1497,70.2635,87.3102
2012-06-08,103.8609,63.3409,84.1295,70.5239,87.3182
2012-06-11,102.5422,61.942,84.5125,70.5117,87.3261
2012-06-12,103.7205,62.7238,83.7397,70.3059,87.3261
2012-06-13,103.0572,61.9996,84.5662,70.5602,87.3261
2012-06-14,104.1497,62.7073,84.4588,70.4754,87.3261
2012-06-15,105.2148,63.5467,84.9291,70.7661,87.3182
2012-06-18,105.4188,63.6207,85.386,70.7358,87.3102
2012-06-19,106.4384,64.7235,84.2706,70.6692,87.3182
2012-06-20,106.2659,64.6247,84.6872,70.6994,87.3182
2012-06-21,103.8814,63.0529,85.1373,70.8084,87.3261
2012-06-22,104.6814,63.7689,84.0018,70.7539,87.3182
2012-06-25,103.0029,62.7732,85.2247,70.9356,87.3182
2012-06-26,103.5206,63.0188,84.8887,71.0082,87.3102
2012-06-27,104.454,64.0443,85.0231,71.1051,87.3024
2012-06-28,104.1559,63.9367,85.2315,71.2141,87.3182
2012-06-29,106.7522,65.7975,84.1228,71.1959,87.3182
2012-07-02,107.0737,66.5584,84.9907,71.5737,87.3102
2012-07-03,107.7797,67.4267,84.3376,71.6345,87.3182
2012-07-05,107.2934,67.3523,84.7685,71.8167,87.3102
2012-07-06,106.2737,66.5997,85.5563,71.999,87.3182
2012-07-09,106.1404,66.3434,86.3105,72.0476,87.3182
2012-07-10,105.2148,65.6073,86.4856,72.0294,87.3102
2012-07-11,105.2305,65.384,86.5934,72.1508,87.3102
2012-07-12,104.7207,65.1607,87.206,72.5154,87.3102
2012-07-13,106.4776,65.9712,86.9771,72.5396,87.3182
2012-07-16,106.2267,65.7066,87.3812,72.7401,87.3102
2012-07-17,106.9561,65.9381,86.6943,72.7401,87.3102
2012-07-18,107.7483,66.3434,86.7414,73.1411,87.3182
2012-07-19,108.0306,66.1201,86.5193,73.2686,87.3102
2012-07-20,107.0424,65.2765,87.5764,73.3233,87.3102
2012-07-23,105.96,64.2345,88.0679,73.0864,87.3182
2012-07-24,105.0501,63.3909,88.7615,73.2018,87.3182
2012-07-25,105.0736,63.5315,88.9904,73.3415,87.3102
2012-07-26,106.8071,64.0773,88.1757,73.4569,87.3102
2012-07-27,108.7758,65.599,86.5125,73.1107,87.3182
2012-07-30,108.7758,65.3758,87.1589,73.299,87.3102
2012-07-31,108.015,64.7968,87.3341,73.6757,87.3182
2012-08-01,107.9209,63.73,86.8974,73.5934,87.3182
2012-08-02,107.1757,63.4984,87.39,73.6421,87.3261
2012-08-03,109.3013,65.0119,85.9798,73.4654,87.3261
2012-08-06,109.5131,65.5163,86.0134,73.5629,87.3102
2012-08-07,110.0622,66.1118,84.9069,73.179,87.3182
2012-08-08,110.1956,66.0126,84.4548,72.9717,87.3102
2012-08-09,110.2897,66.3268,84.394,72.923,87.3102
2012-08-10,110.47,66.0953,84.8191,73.1302,87.3182
2012-08-13,110.4152,65.9877,84.6774,72.9779,87.3182
2012-08-14,110.4309,65.8306,83.5303,72.6488,87.3182
2012-08-15,110.5564,66.4095,82.3562,72.3075,87.3102
2012-08-16,111.3721,67.1042,81.6544,72.0942,87.3182
2012-08-17,111.5211,67.5756,82.0526,72.1917,87.3182
2012-08-20,111.529,67.4267,82.2212,72.3929,87.3102
2012-08-21,111.1917,67.3855,82.5856,72.5147,87.3102
2012-08-22,111.2388,67.0628,83.9487,72.9291,87.3102
2012-08-23,110.3289,66.5915,84.2995,72.984,87.3261
2012-08-24,110.9956,66.7734,84.2185,73.0632,87.3261
2012-08-27,111.0191,66.9719,84.7111,73.1546,87.3261
2012-08-28,110.9093,67.2779,84.9136,73.2582,87.3261
2012-08-29,110.9956,67.4847,84.5425,73.1059,87.3182
2012-08-30,110.1956,66.8148,84.9811,73.1302,87.3261
2012-08-31,110.7211,67.0877,86.1822,73.6361,87.334
2012-09-04,110.6191,67.9064,86.0956,73.4618,87.3269
2012-09-05,110.525,67.9229,85.6899,73.4924,87.3269
2012-09-06,112.7683,69.1718,84.2631,73.1684,87.3269
2012-09-07,113.2075,69.6845,83.8708,73.3212,87.3269
2012-09-10,112.5643,69.3703,84.0738,73.3151,87.3269
2012-09-11,112.8781,69.5191,83.5463,73.3762,87.3269
2012-09-12,113.2546,69.8747,82.505,73.2295,87.3269
2012-09-13,114.9801,70.7927,82.1804,73.6208,87.3348
2012-09-14,115.49,71.4543,79.9962,73.1806,87.3348
2012-09-17,115.0978,71.1235,80.9564,73.4313,87.3348
2012-09-18,115.0037,70.892,81.3621,73.6574,87.3348
2012-09-19,115.0665,70.7679,81.8963,73.7797,87.3269
2012-09-20,115.0743,70.4536,82.0992,73.7186,87.3269
2012-09-21,115.0262,70.71,82.1938,73.8531,87.3269
2012-09-24,114.8527,70.4792,82.8363,73.9631,87.3269
2012-09-25,113.6305,69.4663,83.6545,74.1098,87.319
2012-09-26,112.9917,69.0263,84.5539,74.3177,87.319
2012-09-27,114.0563,69.7735,83.952,74.2811,87.319
2012-09-28,113.528,69.2753,83.9994,74.4461,87.3269
2012-10-01,113.8276,69.5078,84.3111,74.6448,87.3206
2012-10-02,113.9459,69.6407,84.1959,74.6693,87.3284
2012-10-03,114.4111,69.4414,84.223,74.7184,87.3206
2012-10-04,115.2312,69.9146,83.1726,74.6571,87.3284
2012-10-05,115.2391,69.8316,82.0952,74.5406,87.3206
2012-10-08,114.8448,69.3916,82.7864,74.7368,87.3284
2012-10-09,113.7093,68.578,82.6373,74.8166,87.3284
2012-10-10,112.9838,68.47,83.2201,74.9514,87.3284
2012-10-11,113.0469,68.7191,83.7961,75.1968,87.3206
2012-10-12,112.6763,68.1628,84.0061,75.2826,87.3206
2012-10-15,113.6147,68.6112,83.8164,75.5157,87.3206
2012-10-16,114.766,69.1176,82.6576,75.4666,87.3206
2012-10-17,115.2864,69.7403,81.8919,75.3195,87.3206
2012-10-18,114.9868,69.3584,81.3905,75.1784,87.3284
2012-10-19,113.0706,67.9553,82.495,75.3133,87.3206
2012-10-22,113.0863,67.9387,81.9665,75.1355,87.3284
2012-10-23,111.5172,67.5983,83.1388,75.2642,87.3284
2012-10-24,111.2017,67.4156,82.3188,75.0618,87.3206
2012-10-25,111.525,67.6896,81.8987,74.8472,87.3206
2012-10-26,111.4619,67.3658,83.1049,75.2152,87.3206
2012-10-31,111.4619,67.7726,83.5928,75.4482,87.3206
2012-11-01,112.629,68.4866,82.9084,75.117,87.3284
2012-11-02,111.6275,67.4073,82.8474,74.9699,87.3284
2012-11-05,111.8562,67.8557,83.315,75.0067,87.3126
2012-11-06,112.7315,68.3621,82.5289,74.6448,87.3126
2012-11-07,110.1766,66.7016,84.0265,74.7981,87.3126
2012-11-08,108.8518,65.7635,85.2733,74.7246,87.3126
2012-11-09,108.9465,65.9046,85.3681,74.5406,87.3126
2012-11-12,109.0332,65.7136,85.5105,74.5528,87.3126
2012-11-13,108.6547,65.34,85.7951,74.5835,87.3126
2012-11-14,107.1879,64.1279,85.8764,74.7368,87.3126
2012-11-15,107.0066,63.7957,85.707,74.5896,87.3284
2012-11-16,107.5349,64.3271,85.6324,74.6142,87.3206
2012-11-19,109.7114,65.6887,85.1514,74.8472,87.3206
2012-11-20,109.7587,65.8049,84.2975,74.6142,87.3206
2012-11-21,109.9637,66.1536,84.2501,74.6693,87.3206
2012-11-23,111.4619,66.8096,84.1687,74.7,87.3206
2012-11-26,111.2254,67.0254,84.5685,74.8227,87.3284
2012-11-27,110.6576,66.9424,84.9006,74.8656,87.3364
2012-11-28,111.5486,67.507,84.7786,74.8533,87.3364
2012-11-29,112.0691,68.2791,84.7922,74.9085,87.3364
2012-11-30,112.0928,68.1462,84.5618,74.9024,87.3284
2012-12-03,111.5408,68.0715,84.6399,74.9855,87.3221
2012-12-04,111.3831,68.1545,85.1287,75.0531,87.3221
2012-12-05,111.5802,68.0715,85.088,75.2069,87.3221
2012-12-06,111.9587,68.1794,85.2713,75.1946,87.3221
2012-12-07,112.2978,68.2292,84.4837,75.0162,87.33
2012-12-10,112.3451,68.5282,84.8571,75.0839,87.3221
2012-12-11,113.11,69.2505,84.2121,74.807,87.33
2012-12-12,113.1652,68.8602,83.2344,74.5794,87.33
2012-12-13,112.4713,68.4202,83.2955,74.4625,87.338
2012-12-14,112.0533,68.3787,83.9202,74.5179,87.338
2012-12-17,113.3702,69.3417,82.6641,74.278,87.338
2012-12-18,114.6319,70.2883,81.8222,74.0934,87.338
2012-12-19,113.7803,70.4448,82.0938,74.3826,87.3459
2012-12-20,114.4347,70.7966,82.1073,74.4564,87.338
2012-12-21,113.396,70.5035,83.0035,74.5855,87.3459
2012-12-24,113.0466,70.1601,82.8542,74.5363,87.338
2012-12-26,112.5701,69.6577,83.1522,74.6425,87.338
2012-12-27,112.4193,69.6074,83.4312,74.8832,87.3459
2012-12-28,111.2042,69.1133,83.9076,75.0498,87.3459
2012-12-31,113.0943,70.6123,82.4581,74.6549,87.3617
2013-01-02,115.9929,72.6892,81.3558,74.8276,87.3459
2013-01-03,115.7308,72.5217,80.2534,74.4204,87.3459
2013-01-04,116.2391,73.0576,80.5665,74.3833,87.3459
2013-01-07,115.9214,72.7813,80.6005,74.5068,87.338
2013-01-08,115.5879,72.731,81.1313,74.5746,87.338
2013-01-09,115.8817,73.0828,81.0564,74.5499,87.3459
2013-01-10,116.8029,73.2502,80.8318,74.5869,87.3459
2013-01-11,116.795,73.1414,81.5532,74.7227,87.3459
2013-01-14,116.7156,73.1833,81.3286,74.5746,87.338
2013-01-15,116.795,73.5015,81.7028,74.5129,87.338
2013-01-16,116.7791,73.2838,81.873,74.5129,87.338
2013-01-17,117.5336,73.9621,81.0564,74.3833,87.33
2013-01-18,117.7956,74.1715,81.6824,74.4574,87.338
2013-01-22,118.4309,74.7074,81.8389,74.4574,87.338
2013-01-23,118.6215,74.5315,81.7164,74.5499,87.338
2013-01-24,118.6533,74.7744,81.4307,74.4451,87.33
2013-01-25,119.3204,75.3187,80.3147,74.1057,87.33
2013-01-28,119.1774,75.369,80.0221,74.044,87.33
2013-01-29,119.646,75.4108,79.5798,73.8774,87.338
2013-01-30,119.1774,74.5064,79.4437,73.6306,87.338
2013-01-31,118.8836,75.0173,79.8316,73.6861,87.338
2013-02-01,120.1066,75.6788,78.795,73.4949,87.3404
2013-02-04,118.7565,74.766,79.8043,73.7424,87.3325
2013-02-05,119.9557,75.4359,79.0951,73.5938,87.3404
2013-02-06,120.043,75.7542,79.7429,73.7858,87.3404
2013-02-07,119.8842,75.5029,79.5656,73.8105,87.3325
2013-02-08,120.5513,76.0389,79.8725,73.9715,87.3325
2013-02-11,120.5275,75.9551,79.8111,73.9343,87.3404
2013-02-12,120.7261,76.2902,79.6134,73.86,87.3404
2013-02-13,120.8292,76.6084,78.9654,73.6867,87.3404
2013-02-14,120.9404,76.801,79.6816,73.8909,87.3325
2013-02-15,120.7975,76.8261,79.4496,73.86,87.3325
2013-02-19,121.7028,77.5044,79.0542,73.8415,87.3325
2013-02-20,120.186,76.064,79.2928,73.9652,87.3325
2013-02-21,119.4553,75.3271,79.7566,74.0828,87.3246
2013-02-22,120.6228,76.2315,79.8111,74.1323,87.3325
2013-02-25,118.3277,74.5483,81.3796,74.5718,87.3325
2013-02-26,119.1377,74.8414,80.9091,74.479,87.3325
2013-02-27,120.6387,75.6286,80.6704,74.4542,87.3325
2013-02-28,120.4004,75.7709,80.8204,74.479,87.3325
2013-03-01,120.7975,76.1143,81.2605,74.6491,87.3333
2013-03-04,121.4408,76.3152,80.83,74.5932,87.3253
2013-03-05,122.5287,77.203,80.5976,74.469,87.3253
2013-03-06,122.6955,77.4039,79.8664,74.2517,87.3333
2013-03-07,122.9179,77.7724,79.2513,74.0096,87.3333
2013-03-08,123.4419,78.4926,78.4243,73.7488,87.3253
2013-03-11,123.9105,78.4675,78.4995,73.7985,87.3253
2013-03-12,123.6325,78.3083,79.0668,73.9475,87.3412
2013-03-13,123.8072,78.6014,78.9847,73.8792,87.3412
2013-03-14,124.4664,79.3886,78.7456,73.9102,87.3412
2013-03-15,124.3021,79.3468,79.1146,74.0096,87.3412
2013-03-18,123.6161,78.9113,79.716,74.1897,87.3333
2013-03-19,123.3289,78.5763,80.256,74.3138,87.3333
2013-03-20,124.1904,79.3049,79.3606,74.0965,87.3333
2013-03-21,123.1295,78.6099,80.1261,74.171,87.3412
2013-03-22,124.1187,78.8527,80.1876,74.1772,87.3491
2013-03-25,123.6001,78.898,80.1124,74.1772,87.3412
2013-03-26,124.5892,79.15,80.2081,74.2269,87.3412
2013-03-27,124.5892,79.2004,80.8915,74.4876,87.3491
2013-03-28,124.9721,79.3011,80.4814,74.4442,87.3412
2013-04-01,124.4776,78.2346,81.0876,74.3371,87.3333
2013-04-02,125.0918,77.7475,80.7589,74.3308,87.3333
2013-04-03,123.8235,76.5298,81.4849,74.6298,87.3412
2013-04-04,124.326,77.1848,82.4574,75.0284,87.3412
2013-04-05,123.7677,77.0337,84.1219,75.2588,87.3412
2013-04-08,124.6053,77.672,83.478,75.3273,87.3491
2013-04-09,125.036,77.4452,83.2725,75.4021,87.3412
2013-04-10,126.5675,78.8477,82.1286,75.2027,87.3491
2013-04-11,126.9823,78.9568,82.2862,75.2526,87.3491
2013-04-12,126.6712,78.6377,83.5122,75.6263,87.3491
2013-04-15,123.7357,75.6732,84.2383,75.6512,87.3491
2013-04-16,125.5625,76.9833,83.5465,75.5142,87.3491
2013-04-17,123.7279,75.6481,84.1013,75.62,87.3491
2013-04-18,122.954,75.2282,84.3068,75.6886,87.3412
2013-04-19,124.0229,76.0931,84.1287,75.8006,87.3491
2013-04-22,124.5733,76.3115,84.1903,75.8256,87.3491
2013-04-23,125.8576,77.5208,83.8958,75.9252,87.3412
2013-04-24,125.9374,77.9239,84.1081,75.9563,87.3412
2013-04-25,126.4479,78.4362,83.7451,75.9128,87.3491
2013-04-26,126.2246,78.0162,84.5122,76.1868,87.3491
2013-04-29,127.07,78.5789,84.204,76.193,87.3491
2013-04-30,127.3731,79.024,84.2519,76.0623,87.357
2013-05-01,126.2564,77.1093,85.1175,76.4008,87.3412
2013-05-02,127.429,78.3354,85.0077,76.4008,87.3412
2013-05-03,128.7213,79.5783,83.0034,75.6825,87.3491
2013-05-06,129.0482,80.0905,82.7975,75.6699,87.3491
2013-05-07,129.7024,80.7456,82.4749,75.6137,87.3491
2013-05-08,130.2927,80.9807,82.6053,75.6825,87.3491
2013-05-09,129.9257,80.7036,82.3925,75.52,87.357
2013-05-10,130.3485,81.3166,81.5072,75.1265,87.357
2013-05-13,130.4522,81.2578,80.8825,74.9329,87.357
2013-05-14,131.8002,82.2991,80.004,74.733,87.357
2013-05-15,132.5102,82.4671,80.5393,74.9953,87.357
2013-05-16,131.888,82.2572,81.3767,75.3388,87.3491
2013-05-17,133.1644,83.1809,80.3472,75.0141,87.3491
2013-05-20,133.1563,83.3153,80.251,74.9266,87.3491
2013-05-21,133.3478,83.3321,80.8825,75.2077,87.3491
2013-05-22,132.3587,82.1144,79.6814,74.6143,87.3491
2013-05-23,131.9757,82.2152,80.0588,74.6892,87.3412
2013-05-24,131.8641,82.1984,80.1687,74.6393,87.3491
2013-05-28,132.6538,83.265,78.137,73.9209,87.3412
2013-05-29,131.7923,82.4923,79.0156,73.8897,87.3412
2013-05-30,132.2789,83.0466,78.8234,73.9834,87.3412
2013-05-31,130.3804,82.1312,78.5557,73.6149,87.3491
2013-06-03,131.0983,82.9122,78.9719,73.4213,87.357
2013-06-04,130.4681,82.0304,78.2427,73.133,87.357
2013-06-05,128.6415,80.9807,79.3229,73.0265,87.357
2013-06-06,129.8061,81.8373,79.2747,73.3398,87.357
2013-06-07,131.4573,82.4671,77.8573,73.0516,87.3491
2013-06-10,131.4573,82.971,77.4859,72.826,87.357
2013-06-11,130.1013,82.0724,78.4078,72.6882,87.3491
2013-06-12,129.0244,81.2578,77.2863,72.4376,87.3412
2013-06-13,130.9866,82.6938,78.4972,73.2145,87.3491
2013-06-14,130.165,82.0556,78.3114,73.1644,87.357
2013-06-17,131.1701,82.5931,77.8987,73.0578,87.357
2013-06-18,132.2071,83.5673,77.9399,72.9138,87.3491
2013-06-19,130.3804,82.5427,77.1349,71.8799,87.3491
2013-06-20,127.1498,80.3593,75.8689,70.8899,87.3412
2013-06-21,127.5579,80.5944,74.5824,70.3072,87.3412
2013-06-24,125.9462,79.5363,74.8919,69.8498,87.3491
2013-06-25,127.1571,80.3005,74.2246,70.0817,87.3491
2013-06-26,128.416,80.6784,74.7062,70.6142,87.3412
2013-06-27,129.1698,81.9296,75.4699,71.2533,87.3412
2013-06-28,128.6405,81.4594,75.986,71.2095,87.3333
2013-07-01,129.3943,82.7863,76.139,71.3936,87.3491
2013-07-02,129.2741,82.7272,76.0907,71.6199,87.3491
2013-07-03,129.3302,82.8959,75.8632,71.4125,87.3491
2013-07-05,130.7255,84.0683,73.2772,70.5074,87.357
2013-07-08,131.4712,84.4057,73.9874,71.0857,87.357
2013-07-09,132.4175,85.1901,74.0633,71.1485,87.357
2013-07-10,132.4657,85.4263,73.484,70.9411,87.357
2013-07-11,134.2699,86.43,74.3461,71.7771,87.3412
2013-07-12,134.326,86.6071,74.284,71.5759,87.3491
2013-07-15,134.8392,87.3662,74.677,72.0348,87.3412
2013-07-16,134.334,86.9277,74.9322,71.928,87.3491
2013-07-17,134.6788,87.2651,75.0701,72.1982,87.357
2013-07-18,135.4166,87.847,74.1322,72.0097,87.3491
2013-07-19,135.6572,87.982,75.3046,72.4056,87.3491
2013-07-22,135.9218,88.1676,75.415,72.5691,87.3412
2013-07-23,135.6331,88.1085,75.0977,72.4559,87.3412
2013-07-24,135.1359,87.3747,74.1461,72.104,87.3491
2013-07-25,135.4647,88.176,74.1185,72.0159,87.3491
2013-07-26,135.6091,87.8218,74.5736,72.0914,87.3491
2013-07-29,135.1921,87.206,74.0288,71.9719,87.3491
2013-07-30,135.1921,87.2819,74.0012,71.9908,87.3412
2013-07-31,135.2883,87.4337,74.2702,71.9971,87.357
2013-08-01,136.8519,88.623,72.8391,71.4233,87.3491
2013-08-02,137.0845,88.699,73.6411,71.7764,87.3491
2013-08-05,136.8841,89.0026,73.0742,71.5053,87.357
2013-08-06,136.1062,88.1085,73.2885,71.5494,87.357
2013-08-07,135.6652,87.4844,73.8346,71.707,87.357
2013-08-08,136.1624,87.847,74.0352,71.8584,87.357
2013-08-09,135.7694,87.7542,74.1526,71.8584,87.3491
2013-08-12,135.6091,88.2182,73.648,71.8206,87.357
2013-08-13,136.0099,88.1001,72.5833,71.3098,87.357
2013-08-14,135.3124,87.7542,72.694,71.19,87.3491
2013-08-15,133.4199,86.1264,71.7122,70.6856,87.357
2013-08-16,132.9789,85.7637,71.4634,70.3326,87.357
2013-08-19,132.1288,84.8949,70.8412,69.948,87.3412
2013-08-20,132.7784,86.118,71.3873,70.3767,87.357
2013-08-21,131.9604,85.595,70.6061,69.9543,87.3412
2013-08-22,133.1633,86.8012,71.3251,70.2758,87.3412
2013-08-23,133.6123,87.0205,72.0994,70.7487,87.3412
2013-08-26,133.1152,87.0289,72.4589,70.8937,87.3491
2013-08-27,130.9741,84.9877,73.3714,71.1963,87.357
2013-08-28,131.4392,85.1564,72.7769,71.2089,87.357
2013-08-29,131.6476,86.0083,73.3576,71.2783,87.357
2013-08-30,131.2307,84.6672,73.2746,71.2783,87.357
2013-09-03,131.824,85.2407,72.2412,70.9974,87.3649
2013-09-04,132.9147,85.9914,72.0817,70.7381,87.3649
2013-09-05,133.083,86.1264,71.0766,70.1562,87.357
2013-09-06,133.1472,86.3625,71.4302,70.2574,87.3649
2013-09-09,134.4223,87.6699,71.4648,70.4408,87.357
2013-09-10,135.4166,88.5303,70.9657,70.1309,87.3649
2013-09-11,135.8416,88.5724,71.5966,70.4598,87.357
2013-09-12,135.4807,87.9229,71.4995,70.4092,87.3649
2013-09-13,135.7854,88.4037,71.7767,70.4534,87.3649
2013-09-16,136.5713,88.5977,71.2985,70.5357,87.357
2013-09-17,137.1807,89.4749,71.8876,70.7255,87.357
2013-09-18,138.7685,90.3268,72.7749,71.7628,87.3649
2013-09-19,138.5359,90.2341,72.3452,71.3074,87.3649
2013-09-20,137.5674,89.9051,72.7264,71.3707,87.3649
2013-09-23,136.9308,89.9135,73.2601,71.7945,87.3649
2013-09-24,136.6085,90.2121,74.0503,71.9779,87.3649
2013-09-25,136.2136,90.0429,74.2028,72.1993,87.3728
2013-09-26,136.7374,90.5419,73.6829,72.0222,87.3728
2013-09-27,136.1089,90.136,73.8632,71.9652,87.3728
2013-09-30,135.3837,90.1613,73.7522,71.8071,87.3649
2013-10-01,136.4554,91.21,73.5285,71.7347,87.357
2013-10-02,136.3264,90.8379,73.6397,71.9506,87.3491
2013-10-03,135.0694,89.9076,73.5216,71.9886,87.3491
2013-10-04,136.0928,90.5081,73.4659,71.9188,87.357
2013-10-07,134.9163,89.4509,73.7648,72.0457,87.3491
2013-10-08,133.345,88.0048,73.7857,72.033,87.3491
2013-10-09,133.4417,87.6496,73.1949,71.8807,87.3333
2013-10-10,136.3184,89.7638,73.3131,71.9823,87.3333
2013-10-11,137.1967,91.0663,73.2922,72.0774,87.3412
2013-10-14,137.7446,91.523,72.7015,71.8553,87.3333
2013-10-15,136.7455,90.6265,72.6528,71.868,87.3174
2013-10-16,138.6552,91.7513,73.5632,72.4011,87.3253
2013-10-17,139.5819,92.5547,74.2304,72.9342,87.3491
2013-10-18,140.5247,93.6118,74.3902,73.0294,87.357
2013-10-21,140.5327,93.4258,74.154,72.839,87.357
2013-10-22,141.3466,93.671,74.981,73.2832,87.3491
2013-10-23,140.6698,93.3581,75.2729,73.2642,87.357
2013-10-24,141.1371,93.8571,74.981,73.1879,87.357
2013-10-25,141.7818,93.9416,75.2589,73.1816,87.357
2013-10-28,142.0074,93.8994,75.0018,73.2515,87.3412
2013-10-29,142.7648,94.17,75.0991,73.353,87.3412
2013-10-30,142.0557,92.8845,74.6474,73.207,87.3491
2013-10-31,141.6529,92.3433,74.8072,73.1055,87.3491
2013-11-01,141.9912,91.9458,73.9975,72.9081,87.3412
2013-11-04,142.4909,93.003,74.0672,72.9272,87.3412
2013-11-05,142.0396,92.6815,73.1822,72.6153,87.3412
2013-11-06,142.7648,92.2841,73.217,72.698,87.3412
2013-11-07,140.9598,90.728,73.8372,72.8444,87.3412
2013-11-08,142.8616,92.3771,72.0603,72.1314,87.3412
2013-11-11,142.8857,92.5039,71.7885,72.0104,87.3491
2013-11-12,142.5957,92.5801,72.123,72.0613,87.357
2013-11-13,143.7399,93.4681,72.3878,72.2268,87.357
2013-11-14,144.457,93.375,72.8337,72.6216,87.357
2013-11-15,145.0855,93.7303,72.9801,72.6216,87.3491
2013-11-18,144.5779,93.0706,73.4192,72.9463,87.3491
2013-11-19,144.2636,92.4955,72.8617,72.6916,87.3491
2013-11-20,143.8124,92.4617,71.6213,72.3797,87.357
2013-11-21,144.9727,94.1277,71.7398,72.5198,87.357
2013-11-22,145.698,94.5929,72.4087,72.7744,87.357
2013-11-25,145.5529,94.7113,72.6177,72.9018,87.357
2013-11-26,145.5932,95.4132,72.8896,73.0482,87.357
2013-11-27,145.9478,95.946,72.7641,73.0609,87.357
2013-11-29,145.8511,95.9967,72.785,73.0036,87.3491
2013-12-02,145.4724,95.0326,72.2189,72.6574,87.3412
2013-12-03,144.8438,94.5759,72.4845,72.8427,87.3412
2013-12-04,144.8278,94.3222,71.7925,72.6064,87.3491
2013-12-05,144.1911,94.3899,71.5899,72.4466,87.357
2013-12-06,145.8028,95.1257,71.9323,72.5999,87.357
2013-12-09,146.1734,95.1003,72.1,72.7085,87.3491
2013-12-10,145.6496,94.2377,72.6172,73.0023,87.357
2013-12-11,144.0139,92.69,72.0581,72.7979,87.357
2013-12-12,143.5385,92.8929,71.7856,72.6766,87.357
2013-12-13,143.5223,93.1974,72.135,72.8746,87.357
2013-12-16,144.4167,94.3053,71.8694,72.932,87.357
2013-12-17,143.9575,94.17,72.1909,73.1493,87.3491
2013-12-18,146.4151,95.4639,71.8275,73.1493,87.3649
2013-12-19,146.2459,94.7535,71.7576,73.0407,87.3491
2013-12-20,147.0966,96.352,72.8619,73.3792,87.3491
2013-12-23,147.8825,97.4445,72.4495,73.2643,87.3491
2013-12-24,148.2065,97.8181,71.8694,73.2451,87.3491
2013-12-26,148.9601,97.8266,71.5924,73.1925,87.3507
2013-12-27,148.952,97.7672,71.3891,73.1284,87.3507
2013-12-30,148.9276,97.7077,71.8799,73.3463,87.3507
2013-12-31,149.6325,97.937,71.4241,73.1605,87.3586
2014-01-02,148.1985,96.8757,71.6415,73.3014,87.3427
2014-01-03,148.1742,97.3682,71.6415,73.4104,87.3586
2014-01-06,147.7448,96.5786,71.943,73.5706,87.3507
2014-01-07,148.6522,97.3851,72.1254,73.5128,87.3507
2014-01-08,148.6845,97.5125,71.929,73.1989,87.3586
2014-01-09,148.7818,97.5379,72.3497,73.3655,87.3586
2014-01-10,149.1869,98.0728,73.2122,73.7627,87.3586
2014-01-13,147.202,96.7315,73.5769,73.9037,87.3507
2014-01-14,148.8062,97.92,73.2402,73.6858,87.3586
2014-01-15,149.6082,98.6501,73.1631,73.7051,87.3586
2014-01-16,149.4138,98.769,73.654,73.8781,87.3507
2014-01-17,148.7818,98.4209,73.9625,73.9614,87.3586
2014-01-21,149.2193,99.0067,74.0185,73.8589,87.3507
2014-01-22,149.3166,99.5075,73.8363,73.6795,87.3507
2014-01-23,148.0932,98.8369,74.8811,73.9614,87.3507
2014-01-24,144.9334,96.3154,75.3649,73.9101,87.3507
2014-01-27,144.2205,94.9061,74.839,73.7691,87.3507
2014-01-28,145.0793,95.9079,75.0213,74.128,87.3586
2014-01-29,143.6858,94.5241,75.6384,74.2753,87.3586
2014-01-30,145.2089,95.9334,75.421,74.3138,87.3586
2014-01-31,144.3582,95.2203,75.9259,74.538,87.3507
2014-02-03,141.1094,92.2404,76.851,75.0187,87.3744
2014-02-04,142.0978,92.9365,76.0355,74.6588,87.3586
2014-02-05,141.9195,92.2404,75.3325,74.421,87.3507
2014-02-06,143.7911,92.9705,75.0091,74.3503,87.3665
2014-02-07,145.5735,94.0232,75.0724,74.5817,87.3586
2014-02-10,145.8409,94.2694,75.2833,74.6139,87.3586
2014-02-11,147.4369,95.1099,74.8475,74.4596,87.3586
2014-02-12,147.5099,95.4834,74.4608,74.2346,87.3507
2014-02-13,148.2713,96.6975,74.8826,74.5432,87.3586
2014-02-14,149.0896,96.8333,74.9248,74.6846,87.3507
2014-02-18,149.2679,97.8436,75.0935,74.8387,87.3507
2014-02-19,148.2795,96.8418,74.7772,74.7552,87.3507
2014-02-20,149.1545,97.886,74.5944,74.6588,87.3507
2014-02-21,148.9843,98.1916,74.9881,74.7359,87.3507
2014-02-24,149.8108,98.9133,74.7983,74.7745,87.3507
2014-02-25,149.754,99.0151,75.4661,75.0636,87.3586
2014-02-26,149.7622,99.6264,75.8668,75.3079,87.3586
2014-02-27,150.548,100.1698,76.2815,75.4364,87.3586
2014-02-28,150.9288,99.7707,76.3238,75.3914,87.3665
2014-03-03,149.8675,99.2359,76.8333,75.5886,87.3507
2014-03-04,151.974,101.7319,75.6776,75.1826,87.3507
2014-03-05,152.1117,101.6724,75.8396,75.1439,87.3586
2014-03-06,152.46,101.6554,75.0926,74.9183,87.3586
2014-03-07,152.5249,101.6215,74.6205,74.6476,87.3507
2014-03-10,152.4438,101.2819,74.7262,74.5316,87.3586
2014-03-11,151.6903,100.2292,74.9235,74.5574,87.3507
2014-03-12,151.7309,100.5348,75.445,74.8216,87.3507
2014-03-13,150.0294,99.3717,76.4597,75.0859,87.3507
2014-03-14,149.6082,99.7877,76.4738,75.0021,87.3586
2014-03-17,150.9612,100.2292,75.903,74.9054,87.3665
2014-03-18,152.0388,101.6894,76.1779,75.1375,87.3586
2014-03-19,151.2286,101.0272,75.5859,74.596,87.3665
2014-03-20,152.1117,101.1631,75.452,74.6992,87.3665
2014-03-21,151.5216,100.6961,76.2695,74.957,87.3665
2014-03-24,150.8951,99.55,76.8122,75.0987,87.3665
2014-03-25,151.6112,99.5262,76.5232,75.1245,87.3665
2014-03-26,150.5208,97.6196,77.1222,75.4146,87.3586
2014-03-27,150.2034,97.3727,77.5098,75.4339,87.3744
2014-03-28,150.944,97.2791,77.0729,75.3759,87.3744
2014-03-31,152.1808,99.024,76.8825,75.3695,87.3744
2014-04-01,153.1899,100.3263,76.2256,75.182,87.3665
2014-04-02,153.7025,100.7774,75.7875,75.0786,87.3744
2014-04-03,153.4991,99.756,76.1195,75.2208,87.3823
2014-04-04,151.6844,97.4493,76.6282,75.5182,87.3823
2014-04-07,150.0081,96.0279,77.0874,75.6991,87.3665
2014-04-08,150.6266,96.7003,77.2712,75.8995,87.3823
2014-04-09,152.2459,98.0962,76.8896,75.9641,87.3744
2014-04-10,149.0478,95.2959,77.6032,76.0676,87.3744
2014-04-11,147.7051,93.9766,78.2321,76.1192,87.3744
2014-04-14,148.8688,94.2405,78.0271,76.171,87.3665
2014-04-15,149.8942,94.6065,78.5146,76.3326,87.3744
2014-04-16,151.4648,95.6364,78.6135,76.3649,87.3744
2014-04-17,151.6763,96.113,77.7516,75.9253,87.3665
2014-04-21,152.2052,96.5641,77.688,76.0288,87.3665
2014-04-22,152.8969,97.56,77.9494,76.0676,87.3665
2014-04-23,152.5389,96.9471,78.3946,76.2357,87.3665
2014-04-24,152.8481,96.7003,78.5429,76.2486,87.3665
2014-04-25,151.5949,94.998,78.6559,76.2357,87.3665
2014-04-28,152.075,94.4447,78.2744,76.1451,87.3665
2014-04-29,152.783,94.6831,78.1684,76.1581,87.3744
2014-04-30,153.2386,95.3129,78.4934,76.3714,87.3744
2014-05-01,153.2549,95.2789,79.3355,76.6916,87.3744
2014-05-02,153.0353,95.3555,79.8242,76.8537,87.3744
2014-05-05,153.3282,95.2363,79.3426,76.6592,87.3744
2014-05-06,151.9937,93.6872,79.6613,76.7889,87.3665
2014-05-07,152.8888,93.7468,79.378,76.8018,87.3744
2014-05-08,152.726,92.802,79.038,76.8213,87.3665
2014-05-09,152.9539,93.6532,78.7831,76.737,87.3744
2014-05-12,154.4431,95.7811,78.4644,76.5425,87.3665
2014-05-13,154.5814,94.8448,79.1443,76.8278,87.3744
2014-05-14,153.849,93.3042,80.0013,77.2102,87.3744
2014-05-15,152.4982,92.6743,80.6386,77.3464,87.3665
2014-05-16,153.0271,93.2616,80.412,77.2556,87.3744
2014-05-19,153.5886,94.266,79.8171,77.1843,87.3744
2014-05-20,152.6203,92.8275,79.9941,77.1843,87.3665
2014-05-21,153.906,93.3042,79.5055,77.0417,87.3744
2014-05-22,154.2803,94.2745,79.3922,77.0157,87.3665
2014-05-23,154.8988,95.3044,79.8171,77.1,87.3823
2014-05-27,155.8508,96.6748,80.2845,77.3723,87.3744
2014-05-28,155.737,96.1726,81.276,77.7418,87.3744
2014-05-29,156.5425,96.496,80.844,77.5149,87.3665
2014-05-30,156.7948,96.062,80.8086,77.5279,87.3744
2014-06-02,156.9738,95.5427,80.2079,77.0975,87.3744
2014-06-03,156.8925,95.3129,79.2209,76.7465,87.3665
2014-06-04,157.2099,95.6874,79.1996,76.7074,87.3665
2014-06-05,158.2352,97.6962,79.2351,76.8699,87.3665
2014-06-06,158.992,98.6324,79.2351,77.0325,87.3744
2014-06-09,159.1548,99.5007,79.1215,76.8765,87.3744
2014-06-10,159.171,99.3049,78.8304,76.7335,87.3665
2014-06-11,158.6177,98.8197,78.9724,76.792,87.3665
2014-06-12,157.4947,98.2154,79.6754,77.039,87.3665
2014-06-13,157.9748,98.3856,79.6328,77.026,87.3744
2014-06-16,158.1049,98.8623,79.8316,77.0195,87.3744
2014-06-17,158.5444,99.5602,79.1996,76.7595,87.3586
2014-06-18,159.7081,100.2326,79.8103,77.2015,87.3586
2014-06-19,159.8871,100.3178,78.7878,76.9285,87.3665
2014-06-20,160.2117,100.6497,79.3843,77.078,87.3586
2014-06-23,160.1626,100.4539,79.1357,77.0715,87.3665
2014-06-24,159.1978,99.3815,79.9381,77.3966,87.3665
2014-06-25,159.9174,100.2241,80.144,77.4746,87.3665
2014-06-26,159.8029,100.0539,80.5274,77.6176,87.3744
2014-06-27,160.1136,100.7263,80.4067,77.6046,87.3744
2014-06-30,160.0318,101.1263,80.6056,77.5331,87.3744
2014-07-01,161.1029,102.1562,79.9306,77.2332,87.3744
2014-07-02,161.2665,101.7624,79.0764,76.9594,87.3665
2014-07-03,162.0596,102.3775,78.7916,76.8812,87.3744
2014-07-07,161.4955,100.6259,79.3683,77.0181,87.3744
2014-07-08,160.457,99.4041,80.2582,77.305,87.3744
2014-07-09,161.1765,99.5323,80.3222,77.4288,87.3744
2014-07-10,160.5388,98.4728,80.3436,77.3701,87.3665
2014-07-11,160.7595,98.3447,80.8562,77.6114,87.3665
2014-07-14,161.569,98.8488,80.5073,77.4483,87.3744
2014-07-15,161.2665,97.8747,80.3436,77.3636,87.3744
2014-07-16,161.8633,97.6098,80.7707,77.5462,87.3744
2014-07-17,160.0236,96.1061,81.7887,77.8395,87.3744
2014-07-18,161.6589,97.6013,81.5253,77.7352,87.3744
2014-07-21,161.3564,97.2083,81.9311,77.7352,87.3744
2014-07-22,162.0596,98.0285,82.1019,77.7939,87.3665
2014-07-23,162.4193,98.1481,81.9952,77.8852,87.3744
2014-07-24,162.4275,97.9516,81.3829,77.5788,87.3744
2014-07-25,161.6671,97.063,82.344,77.8786,87.3665
2014-07-28,161.7325,96.576,82.2301,77.7874,87.3665
2014-07-29,161.0375,96.8409,82.5291,77.8591,87.3744
2014-07-30,161.0621,97.2253,81.3829,77.5005,87.3665
2014-07-31,157.8814,95.0038,81.1409,77.2854,87.3665
2014-08-01,157.399,94.5681,81.769,77.6835,87.3744
2014-08-04,158.5355,95.4054,81.5548,77.7031,87.3744
2014-08-05,156.9983,95.1662,81.8189,77.7816,87.3665
2014-08-06,157.0474,95.4652,81.8689,77.6443,87.3744
2014-08-07,156.197,95.0038,82.6326,77.847,87.3744
2014-08-08,158.004,95.9266,82.4542,77.8274,87.3823
2014-08-11,158.4619,96.8409,82.4471,77.8601,87.3744
2014-08-12,158.2411,96.1744,81.9118,77.8209,87.3665
2014-08-13,159.3123,96.9263,82.4471,77.9778,87.3665
2014-08-14,160.0646,97.0716,83.1108,78.0627,87.3665
2014-08-15,160.0318,96.8836,84.0174,78.3373,87.3744
2014-08-18,161.3728,98.2934,83.1822,78.1608,87.3744
2014-08-19,162.215,98.6352,82.9253,78.1085,87.3744
2014-08-20,162.6483,98.2165,82.7897,77.932,87.3744
2014-08-21,163.1226,98.4301,83.2536,78.2,87.3823
2014-08-22,162.8691,98.4386,83.7176,78.2981,87.3823
2014-08-25,163.6949,98.9,84.0317,78.4223,87.3744
2014-08-26,163.8013,99.7972,83.7604,78.4746,87.3665
2014-08-27,163.7358,99.5494,84.4742,78.6054,87.3665
2014-08-28,163.6459,99.0368,84.9167,78.7754,87.3665
2014-08-29,164.112,99.5921,84.9738,78.8342,87.3744
2014-09-02,164.0302,100.139,83.508,78.4592,87.3744
2014-09-03,163.9402,99.5067,83.973,78.5641,87.3744
2014-09-04,163.7031,99.1222,82.95,78.0068,87.3665
2014-09-05,164.439,99.4383,82.7926,78.0199,87.3665
2014-09-08,164.0138,99.5921,82.8283,77.8888,87.3665
2014-09-09,162.9753,98.413,82.7639,77.679,87.3665
2014-09-10,163.5886,98.994,82.2417,77.5544,87.3665
2014-09-11,163.7767,99.6348,81.9699,77.4954,87.3665
2014-09-12,162.8201,98.5753,81.1113,77.1217,87.3665
2014-09-15,162.6974,97.4987,81.233,77.1414,87.3744
2014-09-16,163.9239,97.7722,80.9039,77.1283,87.3744
2014-09-17,164.1446,98.0285,80.6965,76.9185,87.3744
2014-09-18,165.0195,98.6266,80.954,77.0561,87.3744
2014-09-19,164.8709,97.3792,81.9842,77.3577,87.3823
2014-09-22,163.5976,96.0121,82.0843,77.4298,87.3823
2014-09-23,162.661,95.1149,82.5923,77.5544,87.3823
2014-09-24,163.9343,95.976,82.1344,77.3708,87.3823
2014-09-25,161.2892,94.3566,83.1073,77.6003,87.3903
2014-09-26,162.5707,95.2049,82.9857,77.4298,87.3903
2014-09-29,162.2749,95.1278,83.651,77.397,87.3903
2014-09-30,161.8478,93.6884,83.1788,77.5085,87.3586
2014-10-01,159.6544,92.3604,84.7918,77.9786,87.3744
2014-10-02,159.6791,93.2428,84.0531,77.9721,87.3744
2014-10-03,161.4371,93.9454,84.4117,78.1956,87.3586
2014-10-06,161.2481,93.1401,84.4619,78.2351,87.3665
2014-10-07,158.759,91.6064,85.6023,78.5178,87.3744
2014-10-08,161.5356,93.3628,85.6237,78.9188,87.3744
2014-10-09,158.3319,90.8439,85.2508,78.5901,87.3823
2014-10-10,156.5246,89.7386,86.0971,78.6559,87.3744
2014-10-13,153.9534,89.3788,86.6206,78.8597,87.3823
2014-10-14,154.1916,90.4241,87.1872,79.0372,87.3823
2014-10-15,153.1483,91.3322,87.8757,79.0964,87.3665
2014-10-16,153.0169,92.3604,87.3163,78.9188,87.3665
2014-10-17,154.8242,92.0862,86.8286,78.886,87.3665
2014-10-20,156.3275,93.1658,87.1441,79.0306,87.3823
2014-10-21,159.4244,94.6994,86.4485,78.9846,87.3823
2014-10-22,158.2908,93.3457,86.5417,78.8531,87.3823
2014-10-23,160.1309,94.9993,85.7743,78.7019,87.3823
2014-10-24,161.3631,95.162,85.8604,78.7348,87.3823
2014-10-27,161.1414,95.1106,86.0182,78.8334,87.3823
2014-10-28,162.9896,97.8181,85.4803,78.5704,87.3823
2014-10-29,162.7433,97.5867,85.6739,78.4257,87.3744
2014-10-30,163.7865,98.4178,85.7457,78.4784,87.3665
2014-10-31,165.6595,99.8657,85.5234,78.4652,87.3744
2014-11-03,165.7498,99.6944,85.5233,78.3102,87.3665
2014-11-04,165.1748,99.2317,85.7893,78.4223,87.3744
2014-11-05,166.2181,99.4116,85.6671,78.2773,87.3744
2014-11-06,166.8835,99.84,85.1136,78.0399,87.3665
2014-11-07,167.0395,99.9943,86.0912,78.5344,87.3665
2014-11-10,167.5653,100.4912,85.3004,78.1388,87.3744
2014-11-11,167.7295,100.5597,85.358,78.1322,87.3744
2014-11-12,167.5489,101.0138,85.2861,78.1256,87.3744
2014-11-13,167.7378,100.1571,85.4874,78.0399,87.3744
2014-11-14,167.7789,99.9771,85.9043,78.1388,87.3744
2014-11-17,167.8856,99.1461,85.6887,77.9542,87.3744
2014-11-18,168.855,99.7201,85.9259,78.0201,87.3744
2014-11-19,168.5839,98.6577,85.3796,77.6047,87.3744
2014-11-20,168.8797,99.7629,85.8253,77.9014,87.3744
2014-11-21,169.7832,99.8829,86.3429,78.2377,87.3744
2014-11-24,170.2598,101.0738,86.4148,78.363,87.3586
2014-11-25,170.1365,101.1509,87.1337,78.6993,87.3586
2014-11-26,170.5719,101.485,87.371,78.9695,87.3744
2014-11-28,170.2104,99.9771,88.0611,79.1806,87.3665
2014-12-01,169.0275,98.4178,87.5474,78.9062,87.3744
2014-12-02,170.1201,99.6002,86.6971,78.3772,87.3665
2014-12-03,170.7773,100.5597,87.0357,78.4566,87.3665
2014-12-04,170.5883,100.0799,87.7635,78.5822,87.3665
2014-12-05,170.8676,100.8339,87.252,78.2582,87.3665
2014-12-08,169.7258,99.5744,88.3184,78.6285,87.3507
2014-12-09,169.6108,101.2451,88.7723,78.6946,87.3507
2014-12-10,166.8917,99.0947,89.4208,78.6681,87.3507
2014-12-11,167.7378,99.4888,89.7883,78.5888,87.3586
2014-12-12,165.0269,98.2807,91.006,78.7144,87.3586
2014-12-15,163.8933,97.2868,90.8186,78.8996,87.3665
2014-12-16,162.5789,97.1497,91.9428,78.8731,87.3665
2014-12-17,165.7662,100.1485,91.1141,78.893,87.3665
2014-12-18,169.8654,101.6393,89.4929,78.9723,87.3507
2014-12-19,170.5882,101.8706,90.6962,78.9326,87.3586
2014-12-22,171.373,102.5646,90.8186,79.1838,87.3348
2014-12-23,171.6042,102.6931,89.0173,78.5822,87.3427
2014-12-24,171.6207,102.9898,89.5018,78.8354,87.3507
2014-12-26,172.1741,103.6606,89.834,78.8951,87.3507
2014-12-29,172.4054,104.0991,90.5055,79.0476,87.3348
2014-12-30,171.4803,103.4886,90.7511,79.1139,87.3427
2014-12-31,169.7787,102.8694,90.9243,79.1669,87.3586
2015-01-02,169.6878,102.276,91.9352,79.4454,87.3427
2015-01-05,166.6233,100.9087,93.3794,79.7703,87.3427
2015-01-06,165.0539,99.1629,95.0619,80.0951,87.3507
2015-01-07,167.1107,100.3841,94.8741,80.2012,87.3507
2015-01-08,170.0761,102.0868,93.6177,79.9426,87.3507
2015-01-09,168.7132,101.1064,94.643,80.1548,87.3586
2015-01-12,167.3915,100.771,95.1846,80.3073,87.3744
2015-01-13,166.9207,100.8485,95.1846,80.3802,87.3665
2015-01-14,165.913,100.4443,95.9067,80.5194,87.3665
2015-01-15,164.3931,98.7501,97.4159,80.9372,87.3744
2015-01-16,166.549,100.3583,96.1739,80.4863,87.3744
2015-01-20,166.9042,99.9369,97.452,80.6719,87.3744
2015-01-21,167.7467,99.6187,96.3255,80.6387,87.3665
2015-01-22,170.2413,101.6482,95.9789,80.599,87.3744
2015-01-23,169.3079,101.5794,97.3147,81.0697,87.3744
2015-01-26,169.7044,102.5598,97.0187,81.0498,87.3665
2015-01-27,167.4659,102.0696,97.1704,81.1095,87.3665
2015-01-28,165.3183,100.3497,98.7589,81.6598,87.3586
2015-01-29,166.8464,101.7342,98.109,81.4675,87.3823
2015-01-30,164.7483,99.4983,99.8492,82.1371,87.3665
2015-02-02,166.7885,100.4099,99.4723,82.2136,87.3823
2015-02-03,169.2005,102.2072,97.3668,81.5488,87.3903
2015-02-04,168.5562,101.8288,97.5332,81.6618,87.3744
2015-02-05,170.2578,103.1446,96.4623,81.4025,87.3744
2015-02-06,169.7869,103.0328,94.7548,80.5516,87.3744
2015-02-09,169.0271,102.2158,94.6029,80.6048,87.3744
2015-02-10,170.8277,102.8694,93.8504,80.3854,87.3665
2015-02-11,170.9269,102.7232,94.024,80.4386,87.3744
2015-02-12,172.5706,103.8927,93.7129,80.6447,87.3665
2015-02-13,173.281,104.5119,92.7506,80.3256,87.3744
2015-02-17,173.5536,104.8387,91.3542,79.9533,87.3823
2015-02-18,173.5701,104.9505,91.8968,80.2392,87.3903
2015-02-19,173.4462,104.9591,91.289,80.2259,87.3903
2015-02-20,174.487,105.2429,91.5568,80.3455,87.3823
2015-02-23,174.4622,105.3461,92.6059,80.6181,87.3744
2015-02-24,174.9578,105.4837,93.8214,81.1433,87.3744
2015-02-25,174.8092,105.6041,94.2266,81.2164,87.3744
2015-02-26,174.6026,105.9911,92.9387,80.7776,87.3744
2015-02-27,174.0079,105.4149,93.7201,80.9704,87.3823
2015-03-02,175.1065,106.1803,91.9744,80.2685,87.3744
2015-03-03,174.3879,105.5525,91.641,80.2219,87.3665
2015-03-04,173.6527,105.2257,91.6699,80.1685,87.3823
2015-03-05,173.8427,105.5353,91.554,80.2752,87.3665
2015-03-06,171.3976,104.2023,89.5314,79.422,87.3744
2015-03-09,172.1081,104.6581,90.3578,79.7419,87.3665
2015-03-10,169.3161,103.4541,91.5467,79.8686,87.3744
2015-03-11,168.9197,104.0906,92.2137,80.2752,87.3665
2015-03-12,171.0673,105.8191,92.1484,80.1952,87.3665
2015-03-13,170.0183,105.4407,91.8657,79.9686,87.3744
2015-03-16,172.2898,106.0599,92.7501,80.0486,87.3744
2015-03-17,171.7777,106.3437,93.5186,80.1819,87.3665
2015-03-18,173.8427,107.195,95.3237,81.1684,87.3586
2015-03-19,173.0497,107.4014,94.838,80.7551,87.3665
2015-03-20,174.5773,108.3474,95.3382,80.9818,87.3665
2015-03-23,174.237,108.2528,95.2222,81.1684,87.3744
2015-03-24,173.258,108.227,96.1429,81.2884,87.3665
2015-03-25,170.7191,105.6418,95.3309,81.0217,87.3665
2015-03-26,170.3125,105.5124,93.8448,80.5218,87.3665
2015-03-27,170.7025,106.1852,95.012,80.8418,87.3665
2015-03-30,172.785,107.6258,94.5407,80.9818,87.3665
2015-03-31,171.275,107.2807,94.7437,81.1284,87.3744
2015-04-01,170.6693,107.3239,95.9882,81.3616,87.3744
2015-04-02,171.2833,107.5222,94.9711,81.228,87.3665
2015-04-06,172.4366,107.9967,94.4408,81.3349,87.3744
2015-04-07,171.9803,107.3066,95.2327,81.629,87.3744
2015-04-08,172.5611,108.2296,95.2617,81.6023,87.3823
2015-04-09,173.3244,107.8414,94.0267,81.1879,87.3823
2015-04-10,174.2702,108.359,94.1648,81.3015,87.3823
2015-04-13,173.482,108.428,94.2955,81.2748,87.3744
2015-04-14,173.8138,108.4021,94.9639,81.4619,87.3823
2015-04-15,174.5938,109.1612,94.8839,81.5154,87.3823
2015-04-16,174.544,109.1008,94.4118,81.4686,87.3823
2015-04-17,172.5361,107.3325,95.4941,81.6891,87.3823
2015-04-20,174.1126,108.3849,94.6515,81.4953,87.3744
2015-04-21,173.9052,108.2727,94.2229,81.4753,87.3744
2015-04-22,174.7597,108.4366,92.7845,80.9473,87.3744
2015-04-23,175.1995,108.9283,93.184,81.1545,87.3823
2015-04-24,175.606,108.566,93.7652,81.3082,87.3744
2015-04-27,174.8759,107.367,93.7652,81.248,87.3744
2015-04-28,175.4317,107.9622,92.4721,80.7668,87.3823
2015-04-29,174.71,106.789,91.3388,80.0984,87.3744
2015-04-30,172.9593,104.529,91.4986,80.1653,87.3823
2015-05-01,174.8344,105.2105,90.2669,79.7229,87.3744
2015-05-04,175.3323,105.59,89.4152,79.4682,87.3823
2015-05-05,173.3244,104.2444,89.2914,79.3342,87.3903
2015-05-06,172.6109,104.6067,87.7627,78.9924,87.3823
2015-05-07,173.2995,105.0035,88.942,79.3074,87.3903
2015-05-08,175.5811,105.7884,89.1822,79.7631,87.3903
2015-05-11,174.7432,105.8488,87.0129,78.9589,87.3823
2015-05-12,174.2204,105.6591,87.2386,78.8449,87.3903
2015-05-13,174.2536,105.6591,86.5397,78.7712,87.3823
2015-05-14,176.0707,106.7804,86.7727,79.0392,87.3823
2015-05-15,176.2616,106.6596,88.5125,79.5889,87.3823
2015-05-18,176.8091,107.8673,87.0275,78.979,87.3823
2015-05-19,176.7511,107.7206,86.2559,78.5567,87.3823
2015-05-20,176.6266,107.919,86.4014,78.6505,87.3823
2015-05-21,177.141,107.7983,87.6098,79.0259,87.3823
2015-05-22,176.7178,107.3325,87.6462,78.9723,87.3823
2015-05-26,174.8178,106.306,89.1458,79.3208,87.3823
2015-05-27,176.4772,107.6085,89.3497,79.4012,87.3823
2015-05-28,176.2781,107.5136,89.1313,79.2336,87.3903
2015-05-29,175.1828,106.8667,89.3279,79.2672,87.3823
2015-06-01,175.5396,107.2031,88.3678,78.8229,87.3823
2015-06-02,175.3654,107.4101,87.1349,78.4197,87.3823
2015-06-03,175.8301,108.4797,85.7342,77.9156,87.3903
2015-06-04,174.3449,107.3929,86.8504,78.3189,87.3823
2015-06-05,174.0462,108.1692,85.7925,77.9223,87.3744
2015-06-08,172.9759,107.6689,85.6977,77.8685,87.3744
2015-06-09,172.951,107.3411,85.0192,77.519,87.3744
2015-06-10,175.0253,108.6781,84.2751,77.3107,87.3823
2015-06-11,175.5894,108.9542,86.0479,77.9963,87.3903
2015-06-12,174.2453,108.6264,86.0479,77.8618,87.3823
2015-06-15,173.4986,108.2813,86.1865,77.8484,87.3744
2015-06-16,174.4444,109.049,86.8649,78.0433,87.3744
2015-06-17,174.7266,108.8851,86.1938,78.0366,87.3903
2015-06-18,176.5436,110.3429,85.7707,77.8954,87.3744
2015-06-19,175.7599,110.2912,86.8723,78.3121,87.3823
2015-06-22,176.6603,111.0503,85.0995,77.6938,87.3823
2015-06-23,176.7853,111.2831,84.5888,77.519,87.3823
2015-06-24,175.5014,110.3429,85.3183,77.7341,87.3823
2015-06-25,174.9679,110.2826,85.0192,77.6064,87.3903
2015-06-26,174.9345,109.9806,84.0636,77.2502,87.3744
2015-06-29,171.266,107.2031,86.2887,77.9223,87.3823
2015-06-30,171.6245,107.7034,85.6904,77.7744,87.3903
2015-07-01,173.0002,108.0226,84.5337,77.5251,87.3823
2015-07-02,172.8418,107.2247,84.8116,77.8216,87.3903
2015-07-06,172.3499,107.1901,86.3835,78.1317,87.3903
2015-07-07,173.4338,107.3114,87.1951,78.4552,87.3903
2015-07-08,170.524,105.6741,87.9481,78.563,87.4061
2015-07-09,170.8325,106.0553,86.2154,78.044,87.3903
2015-07-10,172.9836,107.5279,84.8482,77.5453,87.3903
2015-07-13,174.8928,108.7407,84.5849,77.3768,87.3982
2015-07-14,175.6515,109.347,84.8628,77.4442,87.3982
2015-07-15,175.5931,108.7667,85.7621,77.6464,87.3982
2015-07-16,177.0021,109.4164,86.3543,77.7677,87.3982
2015-07-17,177.1523,108.9399,86.8003,77.8216,87.3982
2015-07-20,177.2439,108.3509,86.4347,77.6397,87.3823
2015-07-21,176.5436,107.8398,86.9027,77.8014,87.3823
2015-07-22,176.2267,108.2383,87.4437,77.9025,87.3823
2015-07-23,175.2346,107.0428,88.5331,78.1317,87.3823
2015-07-24,173.4171,105.319,88.7525,78.0979,87.3903
2015-07-27,172.4082,104.4441,89.2276,78.1047,87.3823
2015-07-28,174.526,105.3363,88.577,78.044,87.3823
2015-07-29,175.7265,105.6308,88.2479,77.9766,87.3823
2015-07-30,175.7682,105.934,88.9279,78.0171,87.3823
2015-07-31,175.5014,106.5144,89.5859,78.4214,87.3744
2015-08-03,174.9095,105.986,90.5289,78.604,87.3823
2015-08-04,174.5677,105.7348,89.8109,78.2052,87.3744
2015-08-05,175.1429,105.9773,89.1367,77.9011,87.3823
2015-08-06,173.7089,104.548,89.9281,78.0497,87.3823
2015-08-07,173.3753,103.8464,91.1078,78.3201,87.3823
2015-08-10,175.5598,105.0418,89.9794,78.0092,87.3665
2015-08-11,173.9757,104.1409,91.4082,78.3336,87.3744
2015-08-12,174.1841,103.9416,90.9099,78.212,87.3665
2015-08-13,173.9674,103.5951,90.6169,77.9416,87.3665
2015-08-14,174.601,104.2621,90.8294,78.0159,87.3665
2015-08-17,175.5765,105.3623,91.2397,78.2661,87.3665
2015-08-18,175.0679,104.522,90.5216,77.9686,87.3665
2015-08-19,173.6838,103.4392,91.4156,78.3472,87.3665
2015-08-20,170.0572,100.8231,92.3388,78.3944,87.3823
2015-08-21,164.938,99.645,92.6172,78.4147,87.3744
2015-08-24,157.9929,95.7555,92.5879,78.1985,87.3903
2015-08-25,156.1338,95.0192,91.1005,77.7997,87.3823
2015-08-26,162.1283,97.4361,89.3419,77.7523,87.3823
2015-08-27,166.1386,99.1772,89.3932,77.8267,87.3823
2015-08-28,166.1469,100.1561,89.657,77.9686,87.3744
2015-08-31,164.8046,99.7923,88.9682,77.7726,87.3823
2015-09-01,159.8855,96.9336,89.6093,78.2437,87.3831
2015-09-02,162.9203,98.6748,88.8382,78.1285,87.3831
2015-09-03,163.0371,98.5189,89.2715,78.5014,87.3911
2015-09-04,160.5692,97.7739,90.0866,78.6776,87.3911
2015-09-08,164.6045,100.0088,88.7574,78.3116,87.3831
2015-09-09,162.4035,98.8568,89.1834,78.481,87.3831
2015-09-10,163.2872,99.3072,88.5812,78.3251,87.3673
2015-09-11,164.0293,99.775,89.1393,78.3793,87.3673
2015-09-14,163.4206,99.3158,89.2788,78.3725,87.3752
2015-09-15,165.4633,100.4333,87.5678,77.7828,87.3515
2015-09-16,166.8972,101.2996,87.2374,77.9251,87.3673
2015-09-17,166.522,101.6461,88.3022,78.5692,87.3594
2015-09-18,163.8009,100.2427,89.6607,78.8064,87.399
2015-09-21,164.6473,100.0608,88.1994,78.4064,87.3911
2015-09-22,162.5103,98.5449,89.4257,78.7454,87.399
2015-09-23,162.2504,98.2504,89.4183,78.6979,87.399
2015-09-24,161.6637,98.0858,90.0278,78.7115,87.399
2015-09-25,161.6219,96.7948,89.2495,78.4742,87.4148
2015-09-28,157.5656,94.0844,90.7769,78.6098,87.4069
2015-09-29,157.6578,93.4155,91.0339,78.7115,87.4069
2015-09-30,160.5995,94.8662,90.7181,78.6979,87.4069
2015-10-01,161.0185,94.7011,91.1052,78.6803,87.4141
2015-10-02,163.4237,96.1085,91.657,79.027,87.4219
2015-10-05,166.3319,98.402,90.4135,78.8162,87.4141
2015-10-06,165.7619,97.7244,90.8035,78.9726,87.4219
2015-10-07,167.1196,99.4532,90.5017,79.2514,87.4219
2015-10-08,168.6282,100.348,89.7438,78.9386,87.4141
2015-10-09,168.7288,100.5478,89.9793,78.9726,87.4219
2015-10-12,168.888,100.4001,90.6637,79.2921,87.4141
2015-10-13,167.8236,99.0275,90.8182,79.2309,87.4141
2015-10-14,167.0191,98.0545,91.6129,79.5437,87.4219
2015-10-15,169.5836,100.4001,91.164,79.5097,87.4141
2015-10-16,170.3546,100.2698,91.1934,79.5369,87.4141
2015-10-19,170.4384,100.4609,90.9433,79.53,87.4061
2015-10-20,170.2204,100.3219,90.384,79.3805,87.4141
2015-10-21,169.1645,98.7929,91.2818,79.7748,87.4061
2015-10-22,172.0223,99.6617,91.4363,79.9448,87.4141
2015-10-23,173.908,100.6433,90.6563,79.6525,87.3982
2015-10-26,173.4806,99.9571,91.2597,79.7953,87.3903
2015-10-27,173.1454,98.8624,91.4878,79.8156,87.3982
2015-10-28,175.1148,101.7466,91.1198,79.5029,87.3903
2015-10-29,175.0143,100.6607,89.6703,78.9454,87.3823
2015-10-30,174.26,100.2003,90.3472,79.1493,87.3823
2015-11-02,176.3216,102.2852,89.932,78.8092,87.3641
2015-11-03,176.8329,102.8152,89.1946,78.816,87.372
2015-11-04,176.2965,102.763,89.2979,78.7273,87.3641
2015-11-05,176.1205,102.8412,89.0619,78.7478,87.372
2015-11-06,176.0283,103.571,87.7566,78.2364,87.3483
2015-11-09,174.3857,102.3548,87.2625,78.1069,87.3641
2015-11-10,174.788,102.6588,87.5206,78.3047,87.3483
2015-11-11,174.1008,101.764,87.3362,78.2978,87.3483
2015-11-12,171.6703,99.818,87.7566,78.2705,87.3562
2015-11-13,169.7428,99.097,88.258,78.5023,87.3483
2015-11-16,172.3241,99.9484,88.1769,78.516,87.3641
2015-11-17,172.1983,99.5661,88.3244,78.5978,87.3562
2015-11-18,174.9305,101.2515,88.5088,78.6182,87.3562
2015-11-19,174.7796,100.8258,89.0987,78.85,87.3641
2015-11-20,175.4165,101.4773,88.8258,78.8364,87.3562
2015-11-23,175.2155,101.9812,89.0987,78.8637,87.3562
2015-11-24,175.4501,102.7283,89.0914,78.891,87.3641
2015-11-25,175.4249,103.5276,89.2979,78.966,87.372
2015-11-27,175.626,103.9185,89.2093,78.9933,87.372
2015-11-30,174.897,103.4668,89.5633,79.0273,87.372
2015-12-01,176.5647,104.1531,90.7731,79.6215,87.3609
2015-12-02,174.7628,103.0324,90.8026,79.4301,87.3609
2015-12-03,172.3157,101.2949,88.3344,78.3771,87.3609
2015-12-04,175.6763,102.32,89.1103,78.801,87.3609
2015-12-07,174.612,100.7823,89.9749,78.9378,87.3372
2015-12-08,173.4386,100.2264,90.0193,78.8352,87.3134
2015-12-09,172.0894,99.1057,89.9232,78.8147,87.3134
2015-12-10,172.5335,99.4358,90.0415,78.63,87.3213
2015-12-11,169.1897,97.2205,91.4604,78.7668,87.3292
2015-12-14,170.0445,96.5255,90.2779,78.1856,87.3213
2015-12-15,171.8295,97.9155,89.7459,78.1924,87.3134
2015-12-16,174.3438,99.4097,89.5537,78.1788,87.3134
2015-12-17,171.6871,98.3499,90.5662,78.2677,87.3292
2015-12-18,168.6284,96.847,91.0687,78.2677,87.3372
2015-12-21,170.0195,97.5767,91.0465,78.3224,87.3372
2015-12-22,171.5624,98.4715,90.3888,78.2198,87.3451
2015-12-23,173.6869,99.7138,89.7089,78.2882,87.3451
2015-12-24,173.4002,99.9023,90.2228,78.5433,87.3618
2015-12-28,173.004,99.4398,90.4895,78.4473,87.3538
2015-12-29,174.8503,100.513,88.9861,78.0428,87.3697
2015-12-30,173.6109,99.5009,88.8972,78.0428,87.3697
2015-12-31,171.8742,98.2619,89.2972,78.173,87.3618
2016-01-04,169.4716,95.9847,89.9414,78.1319,87.3618
2016-01-05,169.7582,96.1941,89.5786,78.173,87.3697
2016-01-06,167.6169,94.7283,90.7856,78.4816,87.3538
2016-01-07,163.5955,92.198,90.9486,78.5433,87.3618
2016-01-08,161.7997,90.61,91.3559,78.605,87.3697
2016-01-11,161.9599,90.2174,90.3562,78.3513,87.3618
2016-01-12,163.2667,90.4879,91.6596,78.5296,87.3697
2016-01-13,159.1946,87.5824,92.563,78.7695,87.3697
2016-01-14,161.8082,88.7952,91.6966,78.3787,87.3855
2016-01-15,158.3347,87.3556,93.1259,78.2622,87.3934
2016-01-19,158.5455,86.1777,92.837,77.9125,87.4252
2016-01-20,156.5137,86.5354,93.8146,78.029,87.4331
2016-01-21,157.3905,86.3348,93.1777,77.8027,87.4331
2016-01-22,160.6194,88.4462,92.8222,77.8508,87.4172
2016-01-25,158.1915,86.4831,93.3258,77.7685,87.4172
2016-01-26,160.3496,88.2106,93.3703,77.9879,87.4172
2016-01-27,158.6046,86.9978,93.348,77.7753,87.4172
2016-01-28,159.4307,86.9804,93.4813,77.8645,87.4172
2016-01-29,163.3172,89.8335,94.2738,78.269,87.4252
2016-02-01,163.2582,89.4234,93.9852,78.0194,87.4085
2016-02-02,160.3159,87.4952,95.7287,78.1638,87.4323
2016-02-03,161.2771,87.6086,94.9348,77.9712,87.4403
2016-02-04,161.5299,87.9489,95.3949,78.0056,87.4403
2016-02-05,158.4527,85.5408,95.5062,77.9919,87.4243
2016-02-08,156.3198,84.136,97.5614,78.3976,87.4243
2016-02-09,156.3283,83.5689,97.6653,78.1294,87.4403
2016-02-10,156.1934,83.6125,98.526,78.2257,87.4323
2016-02-11,154.1616,82.7051,99.216,78.487,87.4403
2016-02-12,157.34,84.2756,97.5688,78.0469,87.4482
2016-02-16,159.9956,86.2736,96.5375,77.6755,87.4482
2016-02-17,162.609,87.6261,95.9439,77.6549,87.4482
2016-02-18,161.943,87.2073,97.1237,78.2876,87.4561
2016-02-19,161.8671,87.6435,97.2053,78.2326,87.4482
2016-02-22,164.2109,88.6207,97.1533,78.3907,87.4323
2016-02-23,162.137,87.8093,97.5466,78.5489,87.4482
2016-02-24,162.8788,88.6556,97.3537,78.6245,87.4403
2016-02-25,164.8516,89.4671,97.7024,79.0647,87.4403
2016-02-26,164.4722,90.0342,96.7601,79.0371,87.4403
2016-02-29,163.1823,89.6328,97.183,79.0922,87.4561
2016-03-01,167.0182,91.5611,95.4717,78.6611,87.4164
2016-03-02,167.7686,92.5034,95.8657,78.8197,87.4323
2016-03-03,168.4261,93.4719,96.2152,79.1922,87.4403
2016-03-04,168.9741,93.9866,95.5981,79.1784,87.4323
2016-03-07,169.109,95.0075,95.5684,79.2681,87.4323
2016-03-08,167.2628,92.7128,96.624,79.6888,87.4403
2016-03-09,168.089,93.1839,96.0367,79.5992,87.4482
2016-03-10,168.2238,92.4249,95.6427,79.9302,87.4482
2016-03-11,170.9385,94.4055,94.6763,80.1578,87.4403
2016-03-14,170.7193,94.1612,94.9737,80.3923,87.4403
2016-03-15,170.4411,92.6953,95.0629,80.3647,87.4482
2016-03-16,171.4274,93.3497,95.3454,80.751,87.4561
2016-03-17,172.515,94.7806,95.7394,80.9992,87.464
2016-03-18,173.1929,95.6357,95.9401,81.1854,87.4561
2016-03-21,173.4387,95.4088,95.2041,81.0888,87.464
2016-03-22,173.3454,95.2954,95.1818,80.9372,87.4561
2016-03-23,172.2014,93.5338,96.2597,81.3441,87.4561
2016-03-24,172.1252,93.8138,96.2969,81.3095,87.4799
2016-03-28,172.2269,93.9276,96.4233,81.3579,87.464
2016-03-29,173.8199,96.5354,97.4343,81.7234,87.4957
2016-03-30,174.5827,96.5442,96.4084,81.6269,87.5036
2016-03-31,174.159,96.8155,97.0923,81.951,87.4877
2016-04-01,175.3453,97.2443,97.3455,82.2152,87.4799
2016-04-04,174.7776,96.4304,97.4051,82.2222,87.4957
2016-04-05,173.032,95.3365,98.4704,82.485,87.5116
2016-04-06,174.9216,96.4129,97.7553,82.4158,87.5116
2016-04-07,172.8286,95.109,98.962,82.6371,87.5116
2016-04-08,173.2946,95.4853,98.3363,82.4504,87.5195
2016-04-11,172.8879,95.1878,98.2097,82.4434,87.5036
2016-04-12,174.4979,96.2117,97.5318,82.1184,87.5195
2016-04-13,176.2605,98.2857,97.8744,82.402,87.5195
2016-04-14,176.269,98.1632,97.4051,82.3467,87.5116
2016-04-15,176.0741,98.4082,98.2395,82.6924,87.5116
2016-04-18,177.3113,99.1521,97.8148,82.7824,87.5274
2016-04-19,177.8705,99.2309,97.5095,82.9345,87.5274
2016-04-20,178.0401,99.3796,96.4368,82.7063,87.5274
2016-04-21,177.0825,98.8808,95.8632,82.6717,87.5274
2016-04-22,177.0825,99.861,95.6174,82.7616,87.5354
2016-04-25,176.7775,99.1521,95.2226,82.568,87.5195
2016-04-26,177.0401,100.1235,94.7905,82.5334,87.5195
2016-04-27,177.4045,100.4735,95.7366,83.059,87.5512
2016-04-28,175.7944,99.3271,96.1314,83.1351,87.5433
2016-04-29,174.8453,98.4345,96.3772,83.225,87.5354
2016-05-02,176.2352,99.3096,95.4068,83.1175,87.529
2016-05-03,174.7013,97.6819,96.6085,83.2632,87.5369
2016-05-04,173.7268,96.8768,97.1385,83.1245,87.5369
2016-05-05,173.6929,96.4917,97.7879,83.2909,87.5528
2016-05-06,174.3284,97.0605,97.3699,83.1106,87.5608
2016-05-09,174.4725,97.3406,97.676,83.0274,87.5608
2016-05-10,176.6419,98.3207,97.6834,83.1661,87.5528
2016-05-11,174.9895,97.1043,98.2358,83.2562,87.5528
2016-05-12,175.0402,96.588,97.7879,83.0829,87.5369
2016-05-13,173.515,95.9491,98.7358,83.2354,87.5369
2016-05-16,175.2267,97.1655,97.885,82.958,87.5449
2016-05-17,173.5912,95.6253,98.0492,82.9303,87.5449
2016-05-18,173.642,96.1241,96.6534,82.2229,87.5369
2016-05-19,173.0403,95.354,97.0714,82.4171,87.5449
2016-05-20,174.1335,96.9555,97.146,82.4725,87.529
2016-05-23,173.8962,96.8418,97.3625,82.4725,87.5369
2016-05-24,176.1504,98.837,96.9295,82.3339,87.529
2016-05-25,177.3452,99.4146,96.5638,82.4795,87.5369
2016-05-26,177.396,99.3009,97.0639,82.7152,87.5369
2016-05-27,178.1588,100.2898,96.9221,82.6529,87.5211
2016-05-31,177.8197,100.6398,97.1535,82.7985,87.529
2016-06-01,178.1841,101.3224,97.5477,82.8569,87.5298
2016-06-02,178.7264,102.1012,98.2507,83.0238,87.5377
2016-06-03,178.1926,101.4887,99.6494,83.6915,87.5377
2016-06-06,179.0994,102.5826,98.9089,83.4898,87.5536
2016-06-07,179.379,102.8801,99.1482,83.615,87.5615
2016-06-08,179.9637,103.6415,99.6793,83.8931,87.5615
2016-06-09,179.718,102.9764,100.3225,84.0114,87.5615
2016-06-10,178.0147,101.5762,100.8087,84.1088,87.5695
2016-06-13,176.6419,100.4735,101.2575,83.9836,87.5695
2016-06-14,176.2945,100.1847,101.1826,83.7958,87.5615
2016-06-15,176.0487,100.2548,101.5716,84.1088,87.5615
2016-06-16,176.5741,100.246,102.0652,84.2339,87.5853
2016-06-17,175.9165,99.8172,101.4295,83.9836,87.5853
2016-06-20,177.0494,100.9024,100.345,83.8792,87.5695
2016-06-21,177.552,100.7098,99.8813,83.8028,87.5695
2016-06-22,177.2623,100.316,100.0458,83.9558,87.5853
2016-06-23,179.5708,102.2326,98.9014,83.8723,87.5615
2016-06-24,173.1225,98.347,101.5566,84.2687,87.6092
2016-06-27,170.022,95.1177,104.0922,84.6234,87.6092
2016-06-28,173.0884,96.588,104.3091,85.0893,87.5932
2016-06-29,176.0358,98.7845,103.5088,85.0615,87.5932
2016-06-30,178.4378,100.6223,103.8902,85.3606,87.617
2016-07-01,178.8127,100.9811,105.3327,85.8076,87.6345
2016-07-05,177.5264,99.4934,106.6515,86.1005,87.6186
2016-07-06,178.5912,100.2158,106.8238,86.2539,87.5949
2016-07-07,178.4804,100.427,106.8164,86.2678,87.6186
2016-07-08,181.1381,102.7676,107.6031,86.749,87.6107
2016-07-11,181.7769,103.9556,106.659,86.5258,87.5949
2016-07-12,183.0973,105.3458,104.9056,86.0377,87.6028
2016-07-13,183.0717,104.9323,106.1419,86.3724,87.5949
2016-07-14,184.0939,105.0379,104.5984,86.1632,87.5949
2016-07-15,183.8469,105.3282,103.6991,85.8354,87.6028
2016-07-18,184.3409,105.5042,103.6018,85.8354,87.6028
2016-07-19,184.1535,104.9763,104.1862,85.9889,87.5949
2016-07-20,184.9202,105.6626,103.6167,85.961,87.5949
2016-07-21,184.2216,105.161,103.8265,86.0586,87.6028
2016-07-22,185.0479,105.9442,104.0064,86.0098,87.5949
2016-07-25,184.5454,105.7858,103.9314,85.961,87.6028
2016-07-26,184.6305,106.2962,104.0963,85.8773,87.5949
2016-07-27,184.4346,106.5953,105.3926,86.233,87.6107
2016-07-28,184.6476,106.3226,105.1978,86.1493,87.6028
2016-07-29,184.9457,106.5338,106.0745,86.4631,87.6186
2016-08-01,184.7924,106.6217,104.9245,85.9758,87.6186
2016-08-02,183.6084,105.1347,103.8434,85.4933,87.6186
2016-08-03,184.145,105.9882,103.9035,85.6052,87.6028
2016-08-04,184.3409,106.085,104.6843,85.9687,87.6266
2016-08-05,185.8486,107.6161,103.5957,85.6192,87.6107
2016-08-08,185.7379,107.5633,103.7909,85.6751,87.5948
2016-08-09,185.8486,107.6777,104.8119,86.1785,87.6107
2016-08-10,185.3886,106.9033,105.2172,86.4232,87.6186
2016-08-11,186.249,107.4137,104.2789,86.1366,87.6266
2016-08-12,186.0871,107.5193,105.1572,86.5281,87.6186
2016-08-15,186.6237,108.584,104.1663,86.2624,87.6266
2016-08-16,185.6612,107.7041,103.8885,86.1086,87.6266
2016-08-17,186.0105,107.3873,104.5116,86.3463,87.6107
2016-08-18,186.4278,108.1792,104.6767,86.5561,87.6345
2016-08-19,186.1552,108.1792,104.1287,86.2974,87.6345
2016-08-22,186.1467,108.4256,105.0071,86.591,87.6345
2016-08-23,186.5216,109.1823,105.1196,86.689,87.6186
2016-08-24,185.5675,108.2936,104.8719,86.633,87.6186
2016-08-25,185.4397,108.5048,104.4741,86.5491,87.6186
2016-08-26,185.0905,108.2848,103.866,86.2764,87.6186
2016-08-29,186.002,108.848,105.2548,86.7658,87.6266
2016-08-30,185.6953,109.0504,104.8494,86.654,87.6186
2016-08-31,185.1671,108.4344,104.9995,86.619,87.6186
2016-09-01,185.1757,108.5136,105.1154,86.619,87.6131
2016-09-02,186.0105,109.5607,104.258,86.4648,87.6051
2016-09-06,186.5727,109.6663,105.0176,86.7662,87.6448
2016-09-07,186.5556,110.3527,104.9424,86.647,87.6289
2016-09-08,186.1297,110.1327,103.6263,86.0372,87.621
2016-09-09,181.6747,106.6922,101.9191,85.3923,87.6289
2016-09-12,184.2812,108.1792,101.9717,85.3993,87.6131
2016-09-13,181.6321,106.1026,100.8136,85.1189,87.621
2016-09-14,181.5639,106.1202,100.964,85.175,87.6051
2016-09-15,183.3783,107.3873,100.5278,85.231,87.6131
2016-09-16,182.6695,107.2289,101.34,85.3292,87.6369
2016-09-19,182.7037,107.9416,101.0091,85.3012,87.6289
2016-09-20,182.7123,107.4841,101.3626,85.4134,87.6607
2016-09-21,184.767,109.0416,102.1823,85.8479,87.6607
2016-09-22,185.9313,110.6079,102.9946,86.1984,87.6607
2016-09-23,184.9125,109.8247,102.8967,86.1353,87.6845
2016-09-26,183.4143,108.7341,103.5511,86.2685,87.7004
2016-09-27,184.5529,109.1753,104.3106,86.4788,87.6607
2016-09-28,185.469,110.0135,104.085,86.5349,87.6925
2016-09-29,183.791,108.4076,104.3483,86.4998,87.6845
2016-09-30,185.1779,109.5988,103.4157,86.3456,87.6766
2016-10-03,184.7328,109.2547,103.0744,86.101,87.6392
2016-10-04,183.791,108.7165,101.8689,85.7004,87.6392
2016-10-05,184.6043,109.3694,101.3943,85.6091,87.6631
2016-10-06,184.7328,109.2547,100.8292,85.6161,87.6392
2016-10-07,184.0992,108.3812,100.897,85.8199,87.671
2016-10-10,185.058,109.6782,100.3019,85.8199,87.6472
2016-10-11,182.7209,107.6753,100.0758,85.5528,87.671
2016-10-12,182.9606,107.587,100.1738,85.6653,87.6552
2016-10-13,182.3613,106.6958,100.5505,85.8761,87.6789
2016-10-14,182.4555,106.2635,99.1416,85.4755,87.6789
2016-10-17,181.8219,106.1399,99.7744,85.7567,87.6789
2016-10-18,182.9606,106.7488,100.0984,85.9675,87.671
2016-10-19,183.4485,107.1988,100.1813,86.0799,87.6869
2016-10-20,183.1061,106.8811,100.2868,86.0518,87.6631
2016-10-21,183.1917,106.8282,100.4375,86.101,87.6789
2016-10-24,183.9708,107.5076,100.0005,85.855,87.6869
2016-10-25,183.3544,106.7047,100.2642,85.7917,87.6869
2016-10-26,182.9863,105.6458,99.5861,85.4334,87.6869
2016-10-27,182.4983,104.437,98.5012,85.0468,87.671
2016-10-28,181.9589,104.1458,98.2827,84.9485,87.6869
2016-10-31,181.9675,104.5605,98.8854,85.0257,87.7107
2016-11-01,180.649,103.2811,98.893,84.9186,87.7075
2016-11-02,179.5618,101.9664,99.3232,85.0455,87.6917
2016-11-03,178.7399,101.4722,98.5609,84.8764,87.7075
2016-11-04,178.543,102.1252,99.444,85.1301,87.7155
2016-11-07,182.4811,104.6223,98.5986,85.0737,87.6838
2016-11-08,183.303,104.8958,98.1985,84.8834,87.6996
2016-11-09,185.2464,108.1253,94.0317,83.6362,87.6996
2016-11-10,185.7087,109.8547,92.6428,83.5656,87.644
2016-11-11,185.2806,112.3783,92.1219,83.2063,87.652
2016-11-14,185.4262,113.9577,91.5709,82.7765,87.652
2016-11-15,186.873,114.3107,92.0238,83.0301,87.652
2016-11-16,186.522,114.3018,92.8542,83.1499,87.6599
2016-11-17,187.4809,114.9725,91.4879,82.6214,87.6758
2016-11-18,187.0614,115.5813,91.2237,82.1563,87.6599
2016-11-21,188.4739,116.1195,91.4501,82.2409,87.6678
2016-11-22,188.8421,117.1784,91.42,82.4523,87.652
2016-11-23,188.9448,117.9107,91.0652,82.1493,87.652
2016-11-25,189.6469,118.299,91.201,82.1563,87.6838
2016-11-28,188.7565,116.7637,91.8729,82.5298,87.6838
2016-11-29,189.1246,116.7019,92.2578,82.6426,87.6758
2016-11-30,188.6708,116.1283,90.7632,82.3325,87.652
2016-12-01,187.9774,115.5637,89.8049,81.8711,87.6655
2016-12-02,188.0716,115.5018,90.4629,82.2456,87.6973
2016-12-05,189.2016,117.4872,90.3646,82.4222,87.6655
2016-12-06,189.8009,118.7578,90.2965,82.4152,87.6973
2016-12-07,192.2837,119.9137,91.068,82.7614,87.6575
2016-12-08,192.7545,121.802,89.994,82.4222,87.6575
2016-12-09,193.9188,122.0402,88.8745,82.1043,87.6655
2016-12-12,193.6963,120.752,89.041,82.0266,87.6655
2016-12-13,194.989,120.7608,89.3586,82.2103,87.6655
2016-12-14,193.3795,119.2519,88.3602,81.6874,87.6575
2016-12-15,194.1757,120.1431,88.8065,81.7439,87.6814
2016-12-16,193.7959,119.9225,88.6022,81.6804,87.7052
2016-12-19,194.2178,120.7078,89.5553,82.076,87.7211
2016-12-20,194.9671,121.7314,89.109,82.0266,87.7211
2016-12-21,194.4245,120.9372,89.5024,82.288,87.729
2016-12-22,194.0887,119.8944,89.3423,82.2937,87.7211
2016-12-23,194.3729,120.5323,89.5243,82.4212,87.7211
2016-12-27,194.8552,121.0728,89.2362,82.2724,87.7211
2016-12-28,193.2448,119.8324,89.8884,82.5771,87.7131
2016-12-29,193.2017,119.9387,90.2068,82.8959,87.7291
2016-12-30,192.4956,119.478,90.3433,83.0235,87.7211
2017-01-03,193.9682,120.0716,90.7301,83.0943,87.7449
2017-01-04,195.1221,122.074,91.079,83.3777,87.737
2017-01-05,194.9671,120.6653,92.5047,83.824,87.7291
2017-01-06,195.6646,120.2222,91.6553,83.3848,87.7529
2017-01-09,195.0188,119.4337,92.3909,83.5477,87.7688
2017-01-10,195.0188,120.5767,92.3303,83.4981,87.7608
2017-01-11,195.5699,120.7893,92.6412,83.6257,87.7608
2017-01-12,195.079,119.859,92.4364,83.6186,87.7688
2017-01-13,195.5268,120.7272,91.9966,83.4485,87.7688
2017-01-17,194.8379,119.0882,92.9597,83.8099,87.7608
2017-01-18,195.2685,119.478,91.7691,83.2572,87.7688
2017-01-19,194.5451,118.5034,91.1396,82.9738,87.7768
2017-01-20,195.2599,119.1147,90.9577,83.1226,87.7768
2017-01-23,194.7518,118.6185,91.8677,83.5052,87.7847
2017-01-24,196.0005,120.4349,91.2382,83.2572,87.7688
2017-01-25,197.697,121.569,90.0931,82.9384,87.7608
2017-01-26,197.4903,121.0817,90.3965,83.0376,87.7847
2017-01-27,197.1803,120.6653,90.7225,83.1368,87.7688
2017-01-30,195.9574,118.9818,90.4496,82.9951,87.7768
2017-01-31,195.9402,119.8147,91.079,83.1439,87.7688
2017-02-01,196.0177,119.7438,90.5159,83.0416,87.7768
2017-02-02,196.1469,119.4425,90.4778,83.0629,87.7688
2017-02-03,197.4989,121.2677,90.4398,83.1553,87.7847
2017-02-06,197.1458,120.3551,90.987,83.4181,87.8007
2017-02-07,197.1544,119.8235,91.6559,83.5602,87.7927
2017-02-08,197.4128,119.6109,92.9022,83.8515,87.8086
2017-02-09,198.584,121.2943,91.8306,83.5176,87.7847
2017-02-10,199.3676,122.2158,91.7774,83.4963,87.8007
2017-02-13,200.4527,122.5347,91.4886,83.4608,87.8007
2017-02-14,201.2536,122.9423,90.8274,83.2619,87.7768
2017-02-15,202.3042,123.6777,90.4094,83.1979,87.7927
2017-02-16,202.1319,123.3321,90.9035,83.4323,87.7847
2017-02-17,202.4506,123.2524,91.443,83.6454,87.8007
2017-02-21,203.6562,124.2181,91.2834,83.681,87.8086
2017-02-22,203.4754,123.6688,91.4354,83.7449,87.8007
2017-02-23,203.6131,122.9334,91.709,83.958,87.8007
2017-02-24,203.8715,122.8448,92.7274,84.3843,87.8245
2017-02-27,204.1902,124.0409,92.1802,84.1854,87.8165
2017-02-28,203.639,122.1271,92.5222,84.2422,87.8086
2017-03-01,206.4894,124.3599,90.9719,83.7442,87.772
2017-03-02,205.1891,122.9334,90.6445,83.616,87.764
2017-03-03,205.3182,122.8448,90.8805,83.7015,87.7799
2017-03-06,204.7068,122.0031,90.4465,83.5519,87.764
2017-03-07,204.0954,121.2057,90.1723,83.1387,87.764
2017-03-08,203.7165,120.4083,89.685,82.8823,87.7322
2017-03-09,203.9749,119.9298,88.9693,82.4335,87.7401
2017-03-10,204.6896,120.4615,89.2814,82.6401,87.772
2017-03-13,204.7929,120.745,88.7179,82.3623,87.7481
2017-03-14,204.0093,120.1691,89.1444,82.4335,87.7481
2017-03-15,205.7747,122.0297,90.2333,83.1459,87.7799
2017-03-16,205.3699,122.1892,89.7764,83.0248,87.772
2017-03-17,205.0093,122.6765,90.3399,83.2171,87.772
2017-03-20,204.7844,122.1449,90.7282,83.4095,87.7799
2017-03-21,202.155,118.6983,91.4821,83.616,87.7799
2017-03-22,202.6308,118.7249,91.8475,83.8298,87.7799
2017-03-23,202.4146,119.416,91.7181,83.7728,87.7799
2017-03-24,202.2675,119.5022,92.0455,83.8582,87.772
2017-03-27,202.0599,119.7243,92.4644,84.0363,87.764
2017-03-28,203.5303,120.6573,91.8475,83.8582,87.772
2017-03-29,203.7206,121.0482,92.3958,84.1289,87.7958
2017-03-30,204.3692,121.9635,91.6495,83.9081,87.8038
2017-03-31,203.8936,122.1589,91.9161,83.9936,87.8197
2017-04-03,203.5389,120.8705,92.8432,84.3708,87.8014
2017-04-04,203.6687,120.7284,92.3396,84.1493,87.7935
2017-04-05,203.0632,119.36,92.6219,84.2565,87.7696
2017-04-06,203.6341,120.4706,92.4846,84.335,87.7935
2017-04-07,203.4265,120.4174,92.1107,84.1279,87.7855
2017-04-10,203.5475,120.684,92.538,84.285,87.8014
2017-04-11,203.3053,121.6436,93.4156,84.6779,87.8014
2017-04-12,202.4146,119.9909,93.9268,84.9565,87.8094
2017-04-13,201.0998,118.818,94.2168,85.0993,87.8253
2017-04-17,202.8816,120.213,93.9268,84.935,87.8094
2017-04-18,202.2762,120.2397,95.1553,85.435,87.8094
2017-04-19,201.9043,120.6573,94.6365,85.1779,87.8253
2017-04-20,203.5475,122.1945,94.2701,85.0564,87.8094
2017-04-21,202.8988,121.9191,94.2701,85.0564,87.8174
2017-04-24,205.1304,123.4385,93.8047,84.9422,87.8333
2017-04-25,206.324,124.6381,92.6754,84.6064,87.8253
2017-04-26,206.1942,125.2778,93.1866,84.8136,87.8174
2017-04-27,206.3672,125.2422,93.1561,84.8922,87.8253
2017-04-28,205.9174,123.5628,93.3621,84.9922,87.8174
2017-05-01,206.4364,124.2738,92.586,84.7286,87.8261
2017-05-02,206.5142,123.6429,93.0601,84.9792,87.8181
2017-05-03,206.2634,122.8787,93.1212,84.9363,87.8022
2017-05-04,206.5055,122.7098,92.6624,84.7715,87.8102
2017-05-05,207.3186,123.5007,92.7465,84.8002,87.8181
2017-05-08,207.284,122.9853,92.2419,84.6498,87.8181
2017-05-09,207.0937,122.932,92.2342,84.6641,87.8181
2017-05-10,207.4656,123.6962,92.1272,84.7787,87.8102
2017-05-11,207.0418,122.8343,92.1272,84.8217,87.8341
2017-05-12,206.6958,122.1856,92.823,85.2514,87.8341
2017-05-15,207.8375,123.1364,92.5707,85.2443,87.842
2017-05-16,207.6472,123.1808,92.9148,85.366,87.842
2017-05-17,203.9627,119.8576,94.2683,85.8888,87.8659
2017-05-18,204.7844,120.293,94.3753,85.8745,87.858
2017-05-19,206.1163,120.8705,94.597,85.9247,87.8659
2017-05-22,207.1629,121.688,94.3371,85.8531,87.8659
2017-05-23,207.6213,122.0879,93.7024,85.5881,87.858
2017-05-24,208.1056,122.1678,94.23,85.7241,87.8659
2017-05-25,209.1003,122.2478,94.2606,85.7599,87.8659
2017-05-26,209.0571,122.2122,94.4212,85.8244,87.8659
2017-05-30,208.8754,121.2527,94.8876,86.0249,87.858
2017-05-31,208.8235,121.1282,95.1247,86.1252,87.8659
2017-06-01,210.4841,123.4651,95.1346,86.1438,87.8707
2017-06-02,211.1847,124.2648,96.2611,86.546,87.8867
2017-06-05,211.029,123.4918,95.6634,86.3018,87.8787
2017-06-06,210.3544,123.3763,96.1845,86.5532,87.8707
2017-06-07,210.7436,123.4918,95.7247,86.4455,87.8787
2017-06-08,210.8474,125.18,95.4718,86.2947,87.8787
2017-06-09,210.5274,125.8287,95.3262,86.2085,87.8707
2017-06-12,210.4841,125.6243,95.2956,86.23,87.8627
2017-06-13,211.5134,126.2641,95.3109,86.3234,87.8946
2017-06-14,211.2453,125.5177,96.7822,86.9122,87.8946
2017-06-15,210.8387,124.878,96.6289,86.704,87.8946
2017-06-16,210.8848,124.5669,96.8205,86.7758,87.9026
2017-06-19,212.6405,125.491,96.6825,86.6681,87.9026
2017-06-20,211.2064,124.2204,97.5485,86.862,87.9026
2017-06-21,211.1543,123.9094,97.7477,86.9051,87.9026
2017-06-22,211.0586,124.3804,97.9622,86.9769,87.9185
2017-06-23,211.3107,125.2067,97.9163,87.02,87.9265
2017-06-26,211.4497,125.3578,98.2841,87.178,87.9106
2017-06-27,209.7463,124.256,97.2342,86.783,87.9106
2017-06-28,211.6236,126.1574,96.9124,86.8764,87.9185
2017-06-29,209.7636,125.4111,96.1002,86.6106,87.9265
2017-06-30,210.1547,125.2156,95.878,86.5388,87.9345
2017-07-03,210.5111,126.2641,95.5693,86.3516,87.9273
2017-07-05,210.9978,125.8109,95.5923,86.4957,87.9273
2017-07-06,209.0683,124.168,94.8014,86.2724,87.9512
2017-07-07,210.4242,125.3728,94.2332,86.2004,87.9433
2017-07-10,210.6501,124.8284,94.3713,86.3444,87.9512
2017-07-11,210.4937,125.1943,94.5327,86.3804,87.9672
2017-07-12,212.0755,126.1581,95.1853,86.762,87.9752
2017-07-13,212.4319,126.2651,94.5864,86.6109,87.9672
2017-07-14,213.4227,126.4793,94.7016,86.8124,87.9911
2017-07-17,213.3966,126.7739,94.9626,86.8916,87.9911
2017-07-18,213.5095,126.4437,95.7919,87.2661,87.9831
2017-07-19,214.6655,127.7019,95.8303,87.2372,87.9831
2017-07-20,214.7612,127.7912,96.1067,87.3164,87.9911
2017-07-21,214.5699,127.2111,96.5138,87.5181,87.9831
2017-07-24,214.5178,127.3895,96.1375,87.4173,87.9911
2017-07-25,215.0392,128.5497,94.8859,86.8988,87.9512
2017-07-26,215.0479,127.8358,95.0395,87.1868,87.9911
2017-07-27,214.8481,127.0237,94.571,86.9709,87.9911
2017-07-28,214.596,126.6846,95.1316,87.2012,88.007
2017-07-31,214.4743,126.283,95.2467,87.2012,88.023
2017-08-01,214.9523,126.524,95.9154,87.5174,88.0126
2017-08-02,215.0566,125.1407,95.9693,87.3802,88.0206
2017-08-03,214.6394,124.516,96.9621,87.503,88.0366
2017-08-04,215.0306,125.1229,96.1386,87.1637,88.0286
2017-08-07,215.4304,125.3282,96.2464,87.1854,88.0286
2017-08-08,214.9002,124.9355,95.9001,86.7667,88.0445
2017-08-09,214.8915,123.8557,96.4234,86.8532,88.0126
2017-08-10,211.8582,121.6069,97.2468,86.8244,88.0206
2017-08-11,212.1711,121.7853,97.2929,86.9832,88.0366
2017-08-14,214.2744,123.6326,96.7927,86.9255,88.0525
2017-08-15,214.2483,122.6153,96.3849,86.8244,88.0525
2017-08-16,214.6221,122.651,96.7389,87.0699,88.0685
2017-08-17,211.2759,120.411,97.4623,87.1565,88.0605
2017-08-18,210.9456,120.4021,97.4392,87.0988,88.0765
2017-08-21,211.1108,120.3218,97.6777,87.2215,88.0765
2017-08-22,213.3184,121.6247,97.3006,87.1348,88.0605
2017-08-23,212.5535,121.4283,97.9625,87.467,88.0765
2017-08-24,212.0582,121.8032,97.6008,87.3009,88.0765
2017-08-25,212.5535,122.1512,97.9778,87.503,88.0845
2017-08-28,212.5623,122.6688,97.9163,87.503,88.0845
2017-08-29,212.8056,122.6955,98.2318,87.568,88.0924
2017-08-30,213.8138,123.4809,98.201,87.6402,88.1004
2017-08-31,215.1001,124.6945,98.4934,87.7918,88.0845
2017-09-01,215.4042,125.3996,97.7401,87.4444,88.0717
2017-09-05,213.8572,124.1947,99.29,87.9872,88.1036
2017-09-06,214.5873,124.4536,98.6808,87.6759,88.0717
2017-09-07,214.5612,124.1413,99.691,88.0162,88.1116
2017-09-08,214.3092,124.2394,99.4751,87.7556,88.1036
2017-09-11,216.595,125.5423,98.2876,87.4878,88.1196
2017-09-12,217.325,126.3098,97.7709,87.3937,88.0956
2017-09-13,217.4293,126.6846,97.3853,87.3068,88.0956
2017-09-14,217.3598,126.5685,97.7863,87.524,88.1036
2017-09-15,217.6524,127.0862,97.8249,87.5963,88.1116
2017-09-18,218.1153,127.9518,97.2619,87.5095,88.0876
2017-09-19,218.3337,127.9518,97.0229,87.5602,88.0876
2017-09-20,218.4123,128.3623,97.0924,87.4516,88.1116
2017-09-21,217.8271,128.2284,97.0383,87.4516,88.1116
2017-09-22,217.8708,128.7728,97.3159,87.5674,88.1196
2017-09-25,217.4254,128.9513,97.9251,87.8931,88.1116
2017-09-26,217.5563,129.3619,97.7478,87.8786,88.1356
2017-09-27,218.4035,131.8935,96.275,87.5384,88.1276
2017-09-28,218.6656,132.2424,95.9896,87.6687,88.1356
2017-09-29,219.4342,132.5554,96.2055,87.7484,88.1515
2017-10-02,220.3863,134.1835,96.0293,87.8303,88.1547
2017-10-03,220.858,134.4787,96.1221,88.0263,88.1547
2017-10-04,221.12,134.0493,96.1298,87.9755,88.1467
2017-10-05,222.4301,134.4162,95.7667,87.8521,88.1387
2017-10-06,222.1768,134.2282,95.4962,87.7795,88.1387
2017-10-09,221.81,133.6736,95.7976,87.8521,88.1547
2017-10-10,222.3952,134.0583,95.9521,87.9102,88.1387
2017-10-11,222.7446,133.9599,96.1375,87.8666,88.1627
2017-10-12,222.4126,133.8615,96.5471,87.8884,88.1707
2017-10-13,222.6834,133.6199,97.2424,88.2368,88.1707
2017-10-16,222.9804,133.5037,97.1729,88.1134,88.1707
2017-10-17,223.1376,133.119,97.2965,88.0989,88.1707
2017-10-18,223.356,133.7542,96.6552,87.9683,88.1867
2017-10-19,223.4171,133.5484,96.8252,88.0989,88.1947
2017-10-20,224.5701,134.1657,95.7976,87.8594,88.1867
2017-10-23,223.6966,133.1638,95.9675,87.9464,88.1787
2017-10-24,224.0897,133.4411,95.3725,87.7288,88.1787
2017-10-25,222.9804,132.797,94.9167,87.4965,88.1707
2017-10-26,223.2686,133.0743,94.5999,87.4892,88.1787
2017-10-27,225.0941,133.9957,95.2257,87.7505,88.1707
2017-10-30,224.2556,132.5823,96.1375,88.0408,88.1867
2017-10-31,224.605,133.5215,96.1684,87.9174,88.1867
2017-11-01,224.902,132.6359,96.5966,88.0564,88.1866
2017-11-02,224.9893,133.0296,97.0225,88.0419,88.1947
2017-11-03,225.7404,132.9401,97.2858,88.1438,88.1947
2017-11-06,226.0898,133.0921,97.6497,88.1656,88.1947
2017-11-07,225.9326,131.4998,98.0601,88.0928,88.1866
2017-11-08,226.3169,131.6788,97.8433,87.9764,88.1866
2017-11-09,225.4959,131.2136,97.5645,87.7435,88.1947
2017-11-10,225.426,131.1152,96.0933,87.2414,88.1947
2017-11-13,225.6356,131.151,96.2947,87.256,88.2027
2017-11-14,225.1116,130.7932,96.9451,87.2778,88.2027
2017-11-15,223.9849,130.2743,97.9981,87.6489,88.2106
2017-11-16,225.8889,132.1887,97.1464,87.547,88.1947
2017-11-17,225.2251,132.797,97.8665,87.6562,88.2027
2017-11-20,225.6094,133.7631,97.8278,87.6562,88.2027
2017-11-21,227.0856,135.1586,98.1376,87.9473,88.2106
2017-11-22,226.8847,134.9797,98.455,88.2893,88.2187
2017-11-24,227.4087,135.0333,98.184,88.1874,88.2266
2017-11-27,227.2952,134.6219,98.0447,88.1365,88.2346
2017-11-28,229.6011,136.742,98.1762,88.2602,88.2346
2017-11-29,229.4613,137.1982,97.2083,87.9109,88.2346
2017-11-30,231.4702,137.4487,96.8831,87.809,88.2346
2017-12-01,230.9898,136.8851,98.1905,88.0804,88.2435
2017-12-04,230.7103,136.3751,98.2371,88.2191,88.2354
2017-12-05,229.8806,135.0154,98.7259,88.3869,88.2435
2017-12-06,229.9242,134.3804,99.0673,88.5547,88.2435
2017-12-07,230.6492,135.3196,98.2914,88.3796,88.2515
2017-12-08,231.907,135.4449,98.2991,88.2701,88.2675
2017-12-11,232.6057,135.3912,98.0974,88.3358,88.2675
2017-12-12,233.0163,134.9708,98.0586,88.2701,88.2435
2017-12-13,232.99,135.7758,98.7958,88.5766,88.2515
2017-12-14,232.038,134.2729,99.2147,88.7371,88.2595
2017-12-15,233.9703,136.1873,99.5872,88.8611,88.2675
2017-12-18,235.4539,138.0301,98.6793,88.5985,88.2515
2017-12-19,234.5497,136.9388,97.3991,88.1461,88.2595
2017-12-20,234.4268,137.2072,96.3206,87.9126,88.2675
2017-12-21,234.9095,137.8079,96.882,88.1495,88.2771
2017-12-22,234.8481,137.5564,97.0142,88.2153,88.2771
2017-12-26,234.5672,137.6373,97.3018,88.3324,88.285
2017-12-27,234.6813,137.5025,98.5692,88.8222,88.2771
2017-12-28,235.1642,138.0413,98.4838,88.7637,88.3091
2017-12-29,234.2775,136.901,98.6392,88.8807,88.3091
2018-01-02,235.9542,138.194,97.5741,88.2885,88.3011
2018-01-03,237.4467,138.3377,98.0405,88.4493,88.3011
2018-01-04,238.4475,138.7058,98.025,88.4201,88.3171
2018-01-05,240.0366,138.9932,97.7451,88.3908,88.3171
2018-01-08,240.4755,139.2086,97.6828,88.3835,88.3171
2018-01-09,241.0199,139.0201,96.3766,88.0618,88.3171
2018-01-10,240.651,139.038,96.2599,88.1203,88.3091
2018-01-11,242.4069,141.4266,96.6565,88.3324,88.3171
2018-01-12,243.9872,142.0192,96.8198,88.347,88.3252
2018-01-16,243.1531,140.2054,97.2241,88.4274,88.3331
2018-01-17,245.4708,141.5343,97.092,88.1861,88.3412
2018-01-18,245.0582,140.5646,96.19,87.8424,88.3492
2018-01-19,246.173,142.4144,95.6846,87.5719,88.3492
2018-01-22,248.1747,143.1776,95.7779,87.4915,88.3571
2018-01-23,248.7015,143.6355,96.19,87.8717,88.3492
2018-01-24,248.6049,142.7465,95.669,87.8132,88.3652
2018-01-25,248.7103,142.8004,96.4543,88.2592,88.3732
2018-01-26,251.5897,143.3123,96.0967,88.1422,88.3812
2018-01-29,249.9216,142.5041,95.428,87.9083,88.3812
2018-01-30,247.3582,141.1392,94.8682,87.6085,88.3812
2018-01-31,247.4811,140.4029,95.428,87.7913,88.4213
2018-02-01,247.2002,140.843,94.045,87.4034,88.3812
2018-02-02,241.8187,138.1311,93.1723,86.9562,88.3972
2018-02-05,231.7052,132.8242,94.0527,87.0075,88.4213
2018-02-06,236.2703,134.4136,93.4684,86.8316,88.3972
2018-02-07,234.9886,134.5483,92.5801,86.5896,88.3972
2018-02-08,226.1745,130.5974,92.4789,86.2158,88.4053
2018-02-09,229.5719,131.7916,91.8945,85.9372,88.3972
2018-02-12,232.9431,133.0398,92.2997,85.9372,88.3972
2018-02-13,233.5225,133.3271,92.7126,85.9078,88.3812
2018-02-14,236.6741,135.7246,91.6841,85.5926,88.3812
2018-02-15,239.6942,137.2063,91.9958,85.9958,88.3972
2018-02-16,239.7644,137.6911,92.4944,86.2524,88.4132
2018-02-20,238.2632,136.5597,92.0892,85.8859,88.4053
2018-02-21,237.0781,136.7034,90.9595,85.4167,88.4213
2018-02-22,237.3852,136.4879,91.2322,85.5339,88.4213
2018-02-23,241.169,138.2658,92.0425,85.9298,88.4293
2018-02-26,243.9695,139.1728,92.0737,86.0398,88.4213
2018-02-27,240.9232,137.1703,91.9412,85.6659,88.4293
2018-02-28,238.4827,135.0063,92.5256,85.8272,88.4293
2018-03-01,235.0149,134.6471,93.1572,85.739,88.4485
2018-03-02,236.2264,136.8021,92.3999,85.467,88.4405
2018-03-05,238.9567,138.0234,92.15,85.4376,88.4405
2018-03-06,239.5625,139.5139,92.236,85.511,88.4485
2018-03-07,239.4747,140.7441,92.1345,85.4817,88.4566
2018-03-08,240.6335,140.4568,92.6654,85.6508,88.4807
2018-03-09,244.8211,142.7017,92.0564,85.3493,88.4807
2018-03-12,244.5139,142.9531,92.5873,85.4596,88.4807
2018-03-13,242.9337,142.2886,93.0557,85.467,88.4887
2018-03-14,241.687,141.6152,93.8754,85.6581,88.4807
2018-03-15,241.4236,140.9058,93.8754,85.7463,88.4726
2018-03-16,241.6855,141.696,93.5398,85.8419,88.4967
2018-03-19,238.4153,140.331,93.2431,85.5552,88.4887
2018-03-20,238.8208,140.2952,92.8684,85.2537,88.4887
2018-03-21,238.3624,141.1123,92.9698,85.2023,88.5207
2018-03-22,232.4041,138.0181,93.8911,85.3493,88.4967
2018-03-23,227.4505,135.048,93.8208,85.0773,88.5288
2018-03-26,233.6733,138.0,93.4617,85.3787,88.5207
2018-03-27,229.6981,135.327,94.461,85.6875,88.5529
2018-03-28,229.0194,135.282,94.7108,85.9154,88.5368
2018-03-29,231.9457,136.65,95.1715,86.3051,88.577
2018-04-02,226.9392,133.3199,95.3593,86.2586,88.5714
2018-04-03,229.8479,135.228,94.6238,86.0301,88.5714
2018-04-04,232.3071,136.947,94.4282,86.0301,88.5794
2018-04-05,234.1405,138.081,93.724,86.0596,88.5874
2018-04-06,228.9224,135.327,94.749,86.3176,88.5874
2018-04-09,230.0507,135.489,94.9055,86.3619,88.6035
2018-04-10,233.7086,138.0451,94.7334,86.384,88.5955
2018-04-11,232.4834,138.3421,95.0698,86.443,88.6035
2018-04-12,234.3961,139.287,94.3735,86.207,88.6035
2018-04-13,233.7086,138.558,94.5926,86.2365,88.6115
2018-04-16,235.6301,139.8361,94.6238,86.2439,88.6115
2018-04-17,238.1509,141.3571,94.882,86.2513,88.6115
2018-04-18,238.3273,141.7351,94.1231,85.8089,88.6115
2018-04-19,237.0051,140.7541,93.3563,85.4845,88.6196
2018-04-20,234.9954,139.9981,92.6835,85.1379,88.6276
2018-04-23,234.9602,139.7911,92.7069,85.101,88.6276
2018-04-24,231.7959,138.9901,92.2844,84.8504,88.6356
2018-04-25,232.3688,138.7831,91.6663,84.5849,88.6356
2018-04-26,234.731,139.4221,92.3079,84.8356,88.6436
2018-04-27,234.9514,139.224,93.0199,85.0273,88.6597
2018-04-30,233.1445,137.991,93.1842,84.9536,88.6597
2018-05-01,233.5587,138.666,92.8486,84.7236,88.6702
2018-05-02,231.9898,139.1881,92.7467,84.6571,88.6702
2018-05-03,231.4785,138.4321,93.1623,84.6719,88.6702
2018-05-04,234.4754,140.16,93.3034,84.7902,88.6862
2018-05-07,235.2687,141.3481,93.1544,84.694,88.6943
2018-05-08,235.2687,142.0502,93.0681,84.6645,88.6862
2018-05-09,237.5428,142.8151,92.5115,84.6497,88.6943
2018-05-10,239.764,143.5802,93.2563,85.0785,88.7023
2018-05-11,240.4956,143.8591,93.4916,85.2265,88.7103
2018-05-14,240.6101,143.3102,92.9976,85.0712,88.7023
2018-05-15,238.953,143.3372,91.939,84.4278,88.7184
2018-05-16,239.9578,144.8312,91.5862,84.3169,88.7103
2018-05-17,239.7551,145.4972,91.1235,84.1543,88.7345
2018-05-18,239.1557,145.6862,91.9076,84.5018,88.7345
2018-05-21,240.9539,146.6492,91.9546,84.5535,88.7265
2018-05-22,240.284,145.5872,91.8135,84.4648,88.7265
2018-05-23,240.9451,145.7762,92.4801,84.8271,88.7586
2018-05-24,240.4514,145.8302,93.2171,85.0638,88.7586
2018-05-25,239.8785,145.5692,93.7974,85.3152,88.7828
2018-05-29,237.1197,145.3712,95.8518,85.7662,88.8069
2018-05-30,240.284,147.6753,95.2088,85.4335,88.7908
2018-05-31,238.812,146.4962,95.052,85.3965,88.7988
2018-06-01,241.1566,147.4592,94.5498,85.2326,88.7972
2018-06-04,242.3024,148.2423,93.866,85.0397,88.8053
2018-06-05,242.4787,149.1602,94.0861,85.0991,88.8053
2018-06-06,244.506,150.2403,93.3237,84.7875,88.8053
2018-06-07,244.4795,149.4213,94.2275,85.0694,88.8134
2018-06-08,245.2022,149.8713,93.9446,84.9285,88.8214
2018-06-11,245.5284,150.0963,93.7717,84.8469,88.8295
2018-06-12,245.8458,150.7803,93.7953,84.8543,88.8295
2018-06-13,245.0613,150.1863,93.7481,84.7727,88.8295
2018-06-14,245.6783,150.9873,94.5262,85.1584,88.8456
2018-06-15,245.3648,151.0323,94.6127,85.0397,88.8536
2018-06-18,244.8602,151.7433,94.5262,84.9507,88.8536
2018-06-19,243.9216,151.7523,95.0763,84.9952,88.8697
2018-06-20,244.3378,152.9763,94.2433,84.5205,88.8617
2018-06-21,242.8061,151.5454,94.7384,84.4538,88.8939
2018-06-22,243.2488,151.0413,94.7306,84.5576,88.8939
2018-06-25,239.9375,148.5753,94.9428,84.476,88.9019
2018-06-26,240.4687,149.4393,95.0763,84.7579,88.91
2018-06-27,238.4766,147.0452,95.9723,85.0472,88.918
2018-06-28,239.8401,147.4953,95.9959,84.9359,88.91
2018-06-29,240.1854,147.3963,95.6658,84.9804,88.9341
2018-07-02,240.6989,148.4133,95.591,84.9915,88.935
2018-07-03,239.849,149.0049,96.103,85.3041,88.943
2018-07-05,241.8056,150.703,96.3787,85.5718,88.9591
2018-07-06,243.8508,151.9767,96.6938,85.6909,88.9591
2018-07-09,246.0466,152.9342,96.0715,85.7505,88.9591
2018-07-10,246.932,152.2386,96.0636,85.6537,88.9591
2018-07-11,245.1257,150.9469,96.4339,85.8248,88.9753
2018-07-12,247.3481,151.6786,96.426,86.0108,88.9833
2018-07-13,247.5428,151.2269,96.6702,86.0778,88.9833
2018-07-16,247.3215,150.6399,96.2684,85.9364,88.9913
2018-07-17,248.3221,151.3082,96.0872,85.8769,88.9913
2018-07-18,248.8443,151.7328,95.7013,85.862,88.9994
2018-07-19,247.9058,152.8077,96.3078,85.9959,88.9994
2018-07-20,247.6226,152.1844,95.1262,85.743,89.0075
2018-07-23,248.083,152.3742,93.9525,85.4007,89.0156
2018-07-24,249.3313,150.7482,94.2755,85.6686,89.0156
2018-07-25,251.4562,151.2992,94.1258,85.7802,89.0237
2018-07-26,250.863,152.1122,93.9446,85.862,89.0398
2018-07-27,249.1631,149.2759,94.1022,85.9736,89.0317
2018-07-30,247.8616,148.3184,93.7792,85.8546,89.0398
2018-07-31,249.0835,149.8269,94.2912,86.1224,89.0478
2018-08-01,248.6673,149.7275,93.5231,85.8187,89.0518
2018-08-02,250.0219,150.8205,93.6572,85.9231,89.068
2018-08-03,251.0933,150.2966,94.123,86.1918,89.0842
2018-08-06,252.014,151.1366,94.1783,86.2739,89.0761
2018-08-07,252.8463,151.498,93.6888,86.0053,89.0842
2018-08-08,252.74,151.3625,93.7835,85.8709,89.0842
2018-08-09,252.3947,151.7509,94.5731,85.9381,89.1003
2018-08-10,250.7036,151.3263,95.2599,86.0799,89.1165
2018-08-13,249.7652,150.4411,95.0625,86.0575,89.1084
2018-08-14,251.3588,151.9315,94.8494,86.1694,89.1246
2018-08-15,249.4819,150.0256,95.402,86.3485,89.1246
2018-08-16,251.5005,151.4167,95.3941,86.4604,89.1327
2018-08-17,252.3858,152.067,95.5126,86.535,89.1488
2018-08-20,252.926,152.4916,96.1521,86.7589,89.1569
2018-08-21,253.5191,154.2439,95.8284,86.5425,89.1649
2018-08-22,253.3687,154.6233,96.2073,86.535,89.173
2018-08-23,253.0322,154.1536,96.3573,86.5649,89.1649
2018-08-24,254.5551,154.9937,96.5468,86.7365,89.173
2018-08-27,256.5649,155.2195,95.9942,86.6022,89.173
2018-08-28,256.6889,155.364,95.4179,86.2739,89.1811
2018-08-29,258.07,155.8156,95.5442,86.1843,89.1892
2018-08-30,257.0252,155.6892,95.7494,86.2664,89.1973
2018-08-31,257.0341,156.2854,95.5284,86.1395,89.2053
2018-09-04,256.5914,155.5898,94.976,85.9809,89.2158
2018-09-05,255.9007,155.1743,94.7228,85.9285,89.2239
2018-09-06,255.1306,154.1265,95.071,86.168,89.232
2018-09-07,254.6347,154.0452,94.2639,85.8088,89.2401
2018-09-10,255.0774,154.2349,94.6121,86.0932,89.2482
2018-09-11,255.9185,154.4878,93.892,85.8986,89.2482
2018-09-12,255.9805,154.1175,94.1136,86.0707,89.2563
2018-09-13,257.4945,154.1536,94.256,86.2503,89.2482
2018-09-14,257.5388,154.804,93.805,86.1456,89.2563
2018-09-17,256.1753,153.16,93.805,86.0932,89.2725
2018-09-18,257.5653,153.8013,92.8238,85.7414,89.2643
2018-09-19,257.8398,153.2413,92.2699,85.6142,89.2563
2018-09-20,259.9293,154.6594,92.6972,85.8387,89.2725
2018-09-21,259.6918,153.9187,92.6577,85.8536,89.2886
2018-09-24,258.8292,153.3497,92.4203,85.6591,89.2886
2018-09-25,258.589,153.5845,92.3253,85.6591,89.2886
2018-09-26,257.8152,152.1807,92.9742,85.9659,89.3048
2018-09-27,258.5356,152.1898,93.0375,86.0782,89.321
2018-09-28,258.5623,152.6517,92.7921,86.0183,89.3291
2018-10-01,259.4606,150.6411,92.1109,85.8997,89.3388
2018-10-02,259.3094,149.0108,92.674,85.9748,89.3307
2018-10-03,259.4517,150.315,91.0641,85.4718,89.3469
2018-10-04,257.4239,148.2049,90.4218,85.1189,89.3631
2018-10-05,255.9831,146.8644,89.6446,84.7886,89.3631
2018-10-08,255.9831,146.5565,89.3433,84.6985,89.3712
2018-10-09,255.6096,145.9859,90.2473,84.9387,89.3712
2018-10-10,247.5161,141.7926,90.0015,84.706,89.3712
2018-10-11,242.0642,139.0846,91.0959,85.0589,89.3793
2018-10-12,245.426,139.1119,90.7786,85.0739,89.3955
2018-10-15,244.0475,139.628,90.739,84.9162,89.3955
2018-10-16,249.3839,143.6765,90.9451,85.1339,89.4036
2018-10-17,249.4284,143.0605,90.4059,84.7135,89.3874
2018-10-18,245.8263,140.3798,90.3742,84.7135,89.4279
2018-10-19,245.6929,138.8945,90.1759,84.6084,89.4279
2018-10-22,244.59,138.5956,90.057,84.5033,89.4279
2018-10-23,243.3449,137.3548,90.3425,84.6234,89.436
2018-10-24,235.9719,132.1834,91.0245,84.7435,89.4441
2018-10-25,240.2053,135.0454,90.6438,84.6384,89.4603
2018-10-26,235.9808,133.5691,91.191,84.7811,89.4684
2018-10-29,234.6734,132.8355,90.9848,84.6835,89.4684
2018-10-30,238.1509,135.6069,90.5328,84.4958,89.4765
2018-10-31,240.6945,135.8786,90.0728,84.2556,89.4846
2018-11-01,243.2559,139.0122,90.1563,84.5109,89.4976
2018-11-02,241.8152,139.4741,89.0354,84.172,89.4895
2018-11-05,243.1492,139.3654,89.3852,84.3226,89.4976
2018-11-06,244.6879,140.0538,89.3296,84.4657,89.4895
2018-11-07,249.9264,142.5625,89.4488,84.6842,89.5058
2018-11-08,249.4728,142.1821,89.4409,84.4356,89.5138
2018-11-09,247.0359,139.5465,90.1086,84.4959,89.522
2018-11-12,242.4199,136.7843,90.6969,84.4883,89.5544
2018-11-13,241.9663,136.3495,90.6412,84.3753,89.5463
2018-11-14,240.3121,135.3533,90.6969,84.1493,89.5544
2018-11-15,242.8201,137.2824,90.6572,83.9912,89.5625
2018-11-16,243.4517,137.6084,91.1818,84.1569,89.5707
2018-11-19,239.3338,134.819,91.4362,84.074,89.5869
2018-11-20,234.9046,132.2196,91.468,83.8707,89.595
2018-11-21,235.7051,134.0672,91.4362,84.0515,89.595
2018-11-23,234.1309,133.9404,91.5316,84.0891,89.6194
2018-11-26,237.9108,135.6793,91.3249,84.1268,89.6194
2018-11-27,238.7112,134.5563,91.4282,84.0213,89.6275
2018-11-28,244.2076,137.8802,90.983,84.2473,89.6356
2018-11-29,243.674,137.5088,91.3408,84.0062,89.6437
2018-11-30,245.1593,138.2243,91.6826,83.9535,89.6518
2018-12-03,248.4056,139.5465,92.3336,84.2656,89.66
2018-12-04,240.3566,133.6053,93.8794,84.2807,89.66
2018-12-06,239.9919,133.3155,94.1743,84.5376,89.6843
2018-12-07,234.4155,130.4355,94.3495,84.5452,89.6925
2018-12-10,234.8602,130.0551,94.74,84.802,89.7006
2018-12-11,234.9135,129.9193,94.724,84.9532,89.6925
2018-12-12,236.0964,131.16,94.3018,85.0439,89.7087
2018-12-13,236.0164,129.3033,94.0786,85.2706,89.725
2018-12-14,231.6584,127.3471,94.4053,85.1799,89.7331
2018-12-17,227.1136,124.511,94.9551,85.2706,89.7494
2018-12-18,226.8646,124.3566,95.5237,85.5753,89.7583
2018-12-19,223.4671,121.7667,96.7857,85.5071,89.7665
2018-12-20,219.8296,119.7585,96.4343,85.2266,89.7828
2018-12-21,215.3254,116.6507,96.4183,85.1432,89.799
2018-12-24,209.6358,114.388,96.8976,84.9462,89.7909
2018-12-26,220.2277,119.8857,95.8592,84.8779,89.7909
2018-12-27,221.9184,120.3855,95.8752,84.8779,89.8316
2018-12-28,221.6321,120.7308,96.6819,85.2796,89.8479
2018-12-31,223.5733,121.6759,97.0493,85.5146,89.8316
2019-01-02,223.806,122.3664,97.5604,85.7799,89.8398
2019-01-03,218.4653,120.1765,98.6706,85.8178,89.8723
2019-01-04,225.783,124.6655,97.5285,85.7648,89.8968
2019-01-07,227.5632,126.8464,97.241,85.7723,89.8968
2019-01-08,229.7012,128.791,96.9854,85.9618,89.8886
2019-01-09,230.7747,129.8542,96.8336,86.2877,89.8805
2019-01-10,231.5888,130.5267,96.2106,86.0604,89.9049
2019-01-11,231.6783,130.563,96.5861,86.2195,89.9293
2019-01-14,230.2648,129.2635,96.2266,85.9921,89.9375
2019-01-15,232.9038,130.354,95.8752,86.0452,89.9456
2019-01-16,233.4674,131.3263,95.971,86.212,89.9293
2019-01-17,235.2386,132.5168,95.995,86.3863,89.9538
2019-01-18,238.3697,133.8798,95.4918,86.5379,89.9782
2019-01-22,235.1492,131.7625,96.1388,86.6819,89.9701
2019-01-23,235.6413,131.399,96.0988,86.9017,89.9701
2019-01-24,235.7665,132.1896,96.7298,87.1291,90.0027
2019-01-25,237.7614,133.8888,96.2665,87.2049,90.0027
2019-01-28,235.9543,133.171,96.1708,87.1898,90.0027
2019-01-29,235.6413,132.853,96.6579,87.3792,89.9945
2019-01-30,239.3716,134.3069,96.5861,87.781,90.019
2019-01-31,241.474,135.4519,97.4167,88.3949,90.0515
2019-02-01,241.5902,135.5609,96.8283,88.1843,90.0581
2019-02-04,243.2899,137.1784,96.396,88.0627,90.0581
2019-02-05,244.3098,137.3238,96.8363,88.42,90.0499
2019-02-06,243.9877,137.1511,96.8843,88.2527,90.0744
2019-02-07,241.6618,136.0243,97.5247,88.2375,90.0825
2019-02-08,241.9569,136.1698,97.941,88.458,90.0988
2019-02-11,242.0911,137.3056,97.5567,88.2604,90.0988
2019-02-12,245.2043,139.023,97.3086,88.382,90.0907
2019-02-13,246.0005,139.4138,96.9404,88.1539,90.0988
2019-02-14,245.4548,139.7319,97.4927,88.2527,90.1233
2019-02-15,248.1295,141.9582,97.6448,88.3592,90.1397
2019-02-19,248.5589,142.349,97.893,88.4124,90.1478
2019-02-20,249.06,143.0214,97.6128,88.3364,90.1478
2019-02-21,248.1743,142.4762,96.7402,88.0855,90.1723
2019-02-22,249.713,143.7121,97.3166,88.4808,90.1723
2019-02-25,250.0529,143.7483,97.0285,88.4504,90.1723
2019-02-26,249.874,142.7578,97.5088,88.5873,90.1723
2019-02-27,249.7667,142.9578,96.4041,88.3364,90.1967
2019-02-28,249.3015,142.467,96.0758,88.2147,90.1967
2019-03-01,250.858,143.7938,95.1878,88.0607,90.209
2019-03-04,249.9455,142.4944,95.9339,88.2589,90.2254
2019-03-05,249.6056,141.831,96.1344,88.2895,90.2172
2019-03-06,248.0938,139.0504,96.4874,88.3734,90.2335
2019-03-07,246.0184,137.8326,97.1131,88.6632,90.2499
2019-03-08,245.5264,137.7963,97.5222,88.7776,90.2663
2019-03-11,249.0868,140.2044,97.2334,88.8767,90.2499
2019-03-12,250.0261,140.2771,97.9153,89.1207,90.2663
2019-03-13,251.6811,140.8314,97.7308,88.9758,90.2826
2019-03-14,251.52,140.2589,97.0248,88.8004,90.2826
2019-03-15,252.7627,140.6315,97.6666,89.1207,90.3071
2019-03-18,253.6791,141.5311,97.6104,89.075,90.2908
2019-03-19,253.7421,140.8132,97.3939,89.0902,90.3153
2019-03-20,252.9783,139.6396,98.4126,89.6927,90.3235
2019-03-21,255.8357,141.471,98.6292,89.8605,90.3316
2019-03-22,250.9118,136.3231,100.1614,90.4096,90.3562
2019-03-25,250.7231,136.9245,100.3218,90.5926,90.3562
2019-03-26,252.5919,138.3641,100.2496,90.6308,90.3726
2019-03-27,251.2711,137.8265,101.1722,90.7528,90.3644
2019-03-28,252.2237,139.0566,101.5251,90.8672,90.3889
2019-03-29,253.814,139.4848,101.4289,90.7985,90.397
2019-04-01,256.824,141.0064,99.9882,90.4604,90.3971
2019-04-02,256.9497,140.642,100.1731,90.5828,90.4216
2019-04-03,257.3542,141.3708,99.3048,90.3916,90.4052
2019-04-04,258.037,142.0632,99.5862,90.5369,90.4462
2019-04-05,259.286,143.3936,99.7148,90.6823,90.438
2019-04-08,259.4836,143.1566,99.3611,90.5522,90.4544
2019-04-09,258.1538,141.4073,99.6746,90.7434,90.438
2019-04-10,259.0344,143.3298,99.9158,91.1871,90.4626
2019-04-11,258.9625,143.1475,99.3289,91.0953,90.4872
2019-04-12,260.7147,143.6669,98.6215,91.0418,90.4872
2019-04-15,260.5439,143.2022,98.8707,90.8965,90.479
2019-04-16,260.7147,143.5393,98.2516,90.644,90.4954
2019-04-17,260.0767,142.2273,98.2918,90.6287,90.5199
2019-04-18,260.5888,141.8082,98.8064,90.7052,90.5117
2019-04-22,260.8134,141.4346,98.332,90.5599,90.5117
2019-04-23,263.1584,143.5667,98.541,90.9347,90.5117
2019-04-24,262.5746,144.0131,99.345,91.2407,90.5445
2019-04-25,262.4128,142.8195,99.2003,91.1948,90.5609
2019-04-26,263.6349,144.2045,99.538,91.516,90.5691
2019-04-29,264.0481,144.8969,98.9029,91.1565,90.5691
2019-04-30,264.1829,144.2226,99.4093,91.1948,90.5691
2019-05-01,262.1971,142.856,99.8194,91.1656,90.5838
2019-05-02,261.631,143.5211,99.344,90.8357,90.6003
2019-05-03,264.1919,146.2636,99.626,91.2423,90.6003
2019-05-06,263.1046,146.4275,99.8999,91.3651,90.6085
2019-05-07,258.7108,143.5302,100.6653,91.3574,90.6167
2019-05-08,258.3516,142.8287,100.2303,91.0505,90.6167
2019-05-09,257.5698,142.3093,100.6411,91.1349,90.6413
2019-05-10,258.8637,142.7011,100.5042,91.1886,90.6413
2019-05-13,252.3583,138.1546,101.2937,91.2423,90.6577
2019-05-14,254.6406,139.8948,100.9957,91.3727,90.6659
2019-05-15,256.1321,140.3504,101.616,91.6259,90.6659
2019-05-16,258.5042,141.225,101.2776,91.4801,90.6906
2019-05-17,256.833,139.257,101.5032,91.4878,90.6906
2019-05-20,255.1348,138.2912,101.2937,91.273,90.6824
2019-05-21,257.4351,140.1499,101.1326,91.3497,90.6988
2019-05-22,256.6443,138.9745,101.7126,91.4648,90.707
2019-05-23,253.5085,136.1136,102.8567,91.6643,90.7316
2019-05-24,254.0835,137.3892,102.9453,91.8561,90.7398
2019-05-28,251.7204,136.2959,103.6865,91.9174,90.7398
2019-05-29,250.0311,135.1569,104.0007,91.9558,90.7398
2019-05-30,250.7141,134.7833,104.895,92.4852,90.7645
2019-05-31,247.3356,132.8973,106.2082,92.7,90.789
2019-06-03,246.7067,133.362,106.9186,92.9855,90.8228
2019-06-04,252.0618,136.8152,105.6996,93.0163,90.8146
2019-06-05,254.2453,136.8425,105.1022,92.9547,90.8474
2019-06-06,255.8985,136.4872,105.4412,93.1317,90.8639
2019-06-07,258.4593,137.453,106.3535,93.5473,90.8721
2019-06-10,259.6454,138.2639,105.3524,93.2087,90.8886
2019-06-11,259.5825,137.8539,105.417,93.2933,90.8803
2019-06-12,259.1242,138.0088,105.4977,93.4318,90.8886
2019-06-13,260.1935,139.4666,105.8611,93.6704,90.9297
2019-06-14,259.9059,138.2457,106.1274,93.7089,90.938
2019-06-17,260.0048,139.1994,106.3131,93.755,90.938
2019-06-18,262.7272,140.8177,106.8459,94.3784,90.938
2019-06-19,263.3203,141.3206,106.9993,94.9786,90.938
2019-06-20,265.8362,141.9881,107.2818,95.4943,90.9873
2019-06-21,265.4497,140.7628,106.1032,95.148,90.979
2019-06-24,265.1248,139.053,106.8944,95.3865,90.979
2019-06-25,262.5244,138.2027,107.2253,95.1018,90.979
2019-06-26,262.2625,137.8826,106.5391,94.9094,90.9955
2019-06-27,263.1925,140.4703,107.2899,95.4635,91.0202
2019-06-28,264.5469,142.1801,107.2173,95.7097,91.0037
2019-07-01,266.9485,142.7287,106.9665,95.8911,91.0111
2019-07-02,267.6438,141.86,107.7916,96.1534,91.0276
2019-07-03,269.7836,142.875,108.56,96.4159,91.0523
2019-07-05,269.4766,143.259,107.1202,95.567,91.0276
2019-07-08,267.9959,141.8966,107.2658,95.4358,91.0441
2019-07-09,268.3299,142.0887,107.2253,95.2351,91.0441
2019-07-10,269.6121,142.3356,106.6349,95.4512,91.0606
2019-07-11,270.244,141.6406,105.2113,94.8878,91.0771
2019-07-12,271.4539,142.7379,105.3326,94.9804,91.0606
2019-07-15,271.5443,141.9881,105.9392,95.1425,91.0853
2019-07-16,270.6683,141.9423,105.6238,94.9418,91.0688
2019-07-17,268.8266,140.9274,106.7643,95.4435,91.0935
2019-07-18,269.8106,141.4577,106.7724,95.6673,91.1183
2019-07-19,268.3119,140.644,106.5216,95.5206,91.11
2019-07-22,268.9709,140.516,106.7238,95.8139,91.1347
2019-07-23,270.8941,141.4486,106.1414,95.8679,91.1264
2019-07-24,272.1673,143.7893,106.6025,96.1381,91.1264
2019-07-25,270.867,142.052,106.0929,95.8294,91.1347
2019-07-26,272.6819,143.7345,106.3437,95.9605,91.143
2019-07-29,272.1852,142.7744,106.3761,95.8988,91.143
2019-07-30,271.5172,144.3196,106.6349,95.8679,91.1512
2019-07-31,268.5466,143.1493,107.4923,95.9528,91.1512
2019-08-01,266.2081,141.0737,109.6271,96.7329,91.1925
2019-08-02,264.2037,139.5102,110.6402,96.8336,91.209
2019-08-05,256.2583,135.3225,112.553,96.9032,91.2255
2019-08-06,259.8518,136.566,113.4527,97.5069,91.2338
2019-08-07,260.0053,136.5295,113.4932,97.4914,91.242
2019-08-08,265.1066,139.4736,113.7363,97.7545,91.2585
2019-08-09,263.3008,137.7181,113.5094,97.4682,91.2668
2019-08-12,260.0956,135.9352,115.876,98.0796,91.275
2019-08-13,264.1406,137.3981,115.4789,98.0022,91.2668
2019-08-14,256.3305,133.5578,118.0806,98.2885,91.2833
2019-08-15,257.0077,133.0275,119.3935,98.7684,91.3246
2019-08-16,260.7998,135.8986,118.4372,98.9464,91.3163
2019-08-19,263.9419,137.27,116.7433,98.6213,91.3163
2019-08-20,261.9193,136.374,117.9509,99.1941,91.3328
2019-08-21,264.0502,137.4986,117.1647,99.372,91.3328
2019-08-22,263.969,137.1786,116.3866,99.0083,91.3328
2019-08-23,257.1882,132.9727,118.2993,99.372,91.3576
2019-08-26,260.0323,134.4357,117.8212,99.3798,91.3411
2019-08-27,259.012,132.4424,119.6367,99.9138,91.3493
2019-08-28,260.836,133.9875,119.7907,99.9138,91.3493
2019-08-29,264.1676,136.3374,119.3368,99.6971,91.3658
2019-08-30,264.0502,136.0906,119.3693,99.6816,91.3576
2019-09-03,262.5063,134.0973,119.5235,99.5877,91.3807
2019-09-04,265.4858,135.1762,119.7021,99.7739,91.3973
2019-09-05,268.8988,137.6906,117.5343,99.0445,91.3807
2019-09-06,269.1064,137.0597,118.3706,99.4015,91.4056
2019-09-09,269.2419,138.8976,116.2677,98.672,91.3973
2019-09-10,269.1786,140.6714,114.2298,97.8416,91.3807
2019-09-11,271.0928,143.5516,114.0268,97.764,91.3973
2019-09-12,272.0318,143.5882,113.2798,97.6321,91.4056
2019-09-13,271.8512,143.835,110.8602,96.7552,91.4056
2019-09-16,271.0116,144.3745,112.273,97.2441,91.4056
2019-09-17,271.6978,143.9996,112.882,97.4924,91.4056
2019-09-18,271.8603,143.1127,113.361,97.733,91.4139
2019-09-19,271.8422,142.4178,113.702,98.0124,91.4139
2019-09-20,270.5578,142.1161,115.2041,98.6875,91.4221
2019-09-23,270.4943,142.0063,115.1797,98.6177,91.4304
2019-09-24,268.3718,139.8629,116.5681,98.9281,91.4387
2019-09-25,269.9591,141.3952,114.863,98.3693,91.4469
2019-09-26,269.3968,139.8171,115.6019,98.5789,91.4635
2019-09-27,267.9455,138.6976,115.886,98.6022,91.4718
2019-09-30,269.1881,138.8628,116.1703,98.9281,91.4883
2019-10-01,265.9862,136.1376,116.52,99.0417,91.4999
2019-10-02,261.2875,135.11,116.8047,99.0028,91.533
2019-10-03,263.4283,135.5596,117.8702,99.3918,91.5662
2019-10-04,266.9931,136.8442,118.7405,99.8042,91.5993
2019-10-07,265.841,136.6056,117.7563,99.2984,91.591
2019-10-08,261.714,134.3851,118.0735,99.2128,91.591
2019-10-09,264.1993,134.9999,117.4066,99.2518,91.591
2019-10-10,265.9862,135.5412,115.6579,98.6682,91.6242
2019-10-11,268.7437,137.8352,114.2264,98.4893,91.5993
2019-10-14,268.4443,137.3305,115.056,98.816,91.6159
2019-10-15,271.1021,138.9087,113.6652,98.5515,91.6159
2019-10-16,270.6666,139.0555,113.8034,98.6604,91.6325
2019-10-17,271.4649,140.6979,113.5269,98.8005,91.6656
2019-10-18,270.2766,140.0281,113.5269,98.925,91.6656
2019-10-21,272.1088,141.3402,112.6729,98.6993,91.6573
2019-10-22,271.2199,141.4961,113.3317,98.8705,91.6573
2019-10-23,272.0091,141.6705,113.4455,98.925,91.6573
2019-10-24,272.4535,141.4686,113.2178,99.1428,91.6656
2019-10-25,273.5693,142.221,112.6647,98.9716,91.6822
2019-10-28,275.1112,143.4505,111.6399,98.676,91.6822
2019-10-29,275.0296,143.9185,111.7131,98.4192,91.6822
2019-10-30,275.8732,143.4414,113.348,98.7694,91.6904
2019-10-31,275.1383,142.6339,114.8771,99.3685,91.7319
2019-11-01,277.6873,145.0655,114.5234,99.466,91.7285
2019-11-04,278.803,145.8454,113.0161,98.9979,91.7368
2019-11-05,278.4946,146.0289,111.7451,98.4283,91.7202
2019-11-06,278.558,145.1848,112.4213,98.9823,91.7285
2019-11-07,279.5377,145.5701,110.3844,98.2099,91.7368
2019-11-08,280.2271,145.9647,109.92,98.0772,91.7451
2019-11-11,279.6919,145.6894,109.9933,98.1085,91.7368
2019-11-12,280.2815,145.7353,110.4984,98.2021,91.7534
2019-11-13,280.3721,145.1113,111.2155,98.4361,91.7534
2019-11-14,280.7804,145.0655,112.3643,98.9511,91.7783
2019-11-15,282.8121,145.8178,112.2421,98.9667,91.7783
2019-11-18,283.0207,145.4509,112.4457,99.0759,91.7783
2019-11-19,282.9392,145.9922,113.3827,99.271,91.77
2019-11-20,281.8869,145.4417,114.556,99.4114,91.77
2019-11-21,281.4334,144.726,113.839,99.1773,91.7783
2019-11-22,282.0593,145.1756,113.9856,99.4504,91.7866
2019-11-25,284.2454,148.2586,114.3197,99.7936,91.7949
2019-11-26,284.8893,148.3595,114.9879,100.0512,91.7949
2019-11-27,286.1593,149.4055,114.6538,100.0433,91.8032
2019-11-29,285.0979,148.4329,114.4093,99.8405,91.7949
2019-12-02,282.6762,146.9831,112.884,99.4071,91.8024
2019-12-03,280.7804,146.5152,115.2509,100.1737,91.8356
2019-12-04,282.5128,147.5245,114.1001,100.0408,91.8274
2019-12-05,283.0207,147.6713,113.545,99.9312,91.8356
2019-12-06,285.606,149.3963,112.9166,99.8765,91.8523
2019-12-09,284.7079,149.1119,113.1614,99.8608,91.844
2019-12-10,284.3904,149.2037,113.1696,99.8608,91.844
2019-12-11,285.1978,149.1578,114.0592,100.252,91.8523
2019-12-12,287.6559,150.4424,112.182,99.7904,91.8606
2019-12-13,287.8282,149.8643,113.4797,100.4397,91.8856
2019-12-16,289.8056,150.9206,112.4595,100.2129,91.8772
2019-12-17,289.8691,151.6757,112.3044,100.1347,91.8939
2019-12-18,289.8872,151.9704,111.3822,100.0642,91.8939
2019-12-19,291.0755,152.6243,111.5604,100.1631,91.8938
2019-12-20,292.3516,152.8453,111.7076,100.1317,91.9105
2019-12-23,292.7983,153.1492,111.544,100.1787,91.8938
2019-12-24,292.8073,153.4991,111.8629,100.2807,91.9188
2019-12-26,294.3661,153.4991,112.1326,100.4611,91.9105
2019-12-27,294.2931,152.744,112.2553,100.6023,91.9272
2019-12-30,292.6705,152.3572,111.8465,100.7827,91.9355
2019-12-31,293.3817,152.569,110.7511,100.367,91.9521
2020-01-02,296.1253,152.6703,112.0018,100.5787,91.9688
2020-01-03,293.8829,152.0717,113.7267,100.9239,91.9688
2020-01-06,295.0042,152.2743,113.0809,100.5866,91.9604
2020-01-07,294.1746,151.7679,112.5251,100.3278,91.9771
2020-01-08,295.7425,152.2375,111.7811,100.1866,91.9855
2020-01-09,297.7478,152.4217,112.1735,100.665,91.9855
2020-01-10,296.891,151.8507,113.1709,100.9474,91.9771
2020-01-13,298.9328,152.8361,112.8275,100.7043,91.9855
2020-01-14,298.477,153.3978,113.4079,100.8297,91.9855
2020-01-15,299.1516,154.1346,114.16,101.0494,92.0021
2020-01-16,301.64,156.1238,113.8003,101.1906,92.0187
2020-01-17,302.5788,155.7002,112.8275,101.1749,92.0187
2020-01-21,301.9863,154.4108,114.0129,101.6612,92.027
2020-01-22,302.0228,154.3096,114.4134,101.7161,92.027
2020-01-23,302.3692,154.2082,115.2145,101.8494,92.0437
2020-01-24,299.6802,152.3112,116.1464,102.022,92.052
2020-01-27,294.8765,150.5798,117.953,102.2181,92.0603
2020-01-28,297.9666,151.8323,117.0293,102.1632,92.0603
2020-01-29,297.7205,150.9667,118.1738,102.4926,92.0687
2020-01-30,298.6866,150.9667,118.1901,102.5553,92.077
2020-01-31,293.2631,147.8355,119.2692,102.822,92.0936
2020-02-03,295.4417,149.4839,119.1726,102.741,92.0945
2020-02-04,299.9446,151.7402,117.5677,102.4894,92.0778
2020-02-05,303.4084,154.0793,116.2821,102.4265,92.0861
2020-02-06,304.4293,153.7294,116.8061,102.3793,92.0778
2020-02-07,302.8067,151.8415,118.2636,102.7725,92.1028
2020-02-10,305.0673,152.698,118.5911,103.0163,92.1028
2020-02-11,305.596,153.757,117.9935,102.8669,92.1112
2020-02-12,307.5649,154.8161,117.3957,102.8197,92.1028
2020-02-13,307.2367,155.2213,117.846,102.7489,92.1195
2020-02-14,307.7289,154.6227,118.3619,103.0005,92.1278
2020-02-18,306.9359,154.2911,119.1726,103.1972,92.1278
2020-02-19,308.4034,155.0831,119.1644,103.0556,92.1361
2020-02-20,307.1365,155.4608,120.0979,103.4016,92.1361
2020-02-21,303.9735,153.886,121.2195,103.6061,92.1695
2020-02-24,293.8921,149.2537,123.0292,103.6218,92.1695
2020-02-25,284.9865,143.9492,123.6843,103.724,92.1945
2020-02-26,283.9382,142.2824,123.0292,103.3387,92.1945
2020-02-27,271.1861,137.2726,124.364,102.7882,92.2362
2020-02-28,270.0468,134.7584,127.1725,103.9442,92.2946
2020-03-02,281.7416,139.0868,126.2368,103.8409,92.3279
2020-03-03,273.6745,136.2503,128.1968,105.0236,92.4114
2020-03-04,285.1779,140.1274,126.8355,105.1734,92.4448
2020-03-05,275.6982,135.6701,129.9926,105.134,92.5283
2020-03-06,271.1404,132.981,136.758,105.8673,92.5533
2020-03-09,249.966,120.0513,140.4645,103.2969,92.6117
2020-03-10,262.9005,123.7994,133.2646,100.9709,92.5617
2020-03-11,250.0844,115.9256,128.3607,97.6515,92.5784
2020-03-12,226.1571,103.1156,129.1562,92.9916,92.5951
2020-03-13,245.4904,110.0225,126.2368,97.0207,92.5533
2020-03-16,218.6279,95.4258,134.4126,95.6409,92.5784
2020-03-17,230.4321,99.8003,125.4496,91.7222,92.5867
2020-03-18,218.7647,92.0645,118.3727,87.1334,92.6869
2020-03-19,219.2295,95.6561,121.5955,82.8283,92.6618
2020-03-20,209.782,93.3814,130.7389,84.1608,92.6869
2020-03-23,204.4183,92.0001,136.1266,90.3819,92.6618
2020-03-24,222.9392,100.4173,133.5926,92.2347,92.6952
2020-03-25,226.2766,101.6653,133.2892,96.6501,92.7203
2020-03-26,239.4889,107.9888,133.9452,96.729,92.7036
2020-03-27,232.3556,104.0597,137.5206,96.5319,92.7036
2020-03-30,239.9015,106.3524,136.3889,97.7066,92.6786
2020-03-31,236.3257,105.8162,135.282,97.3834,92.6786
2020-04-01,225.6898,98.6053,137.1773,95.9685,92.707
2020-04-02,230.8977,99.539,138.0478,96.2214,92.707
2020-04-03,227.5603,96.7193,138.3762,95.7234,92.6735
2020-04-06,242.8447,104.1244,138.0149,97.6126,92.6819
2020-04-07,243.0922,104.3925,136.5696,97.7628,92.7237
2020-04-08,251.2525,109.1536,135.5759,99.5255,92.6735
2020-04-09,255.0758,114.3769,135.8223,104.205,92.6903
2020-04-13,252.7469,111.2799,134.5822,103.1932,92.6819
2020-04-14,260.2013,113.5357,134.5494,102.6873,92.6986
2020-04-15,254.6724,108.904,138.1134,103.375,92.6903
2020-04-16,255.901,108.0812,139.682,102.8612,92.6986
2020-04-17,262.8144,112.8423,137.8096,103.2011,92.6986
2020-04-20,258.1841,111.511,138.9183,102.6161,92.707
2020-04-21,250.3448,108.8485,140.6675,102.2526,92.707
2020-04-22,255.901,110.1705,139.2303,102.3158,92.707
2020-04-23,255.8827,111.2522,139.9695,102.7506,92.6903
2020-04-24,259.4493,113.1659,140.298,102.6794,92.707
2020-04-27,263.1902,117.6496,137.6864,101.8494,92.6819
2020-04-28,261.98,119.3599,139.2714,102.1261,92.707
2020-04-29,268.8382,125.2304,138.5487,102.798,92.6819
2020-04-30,266.3351,120.4693,136.9309,102.1024,92.6986
2020-05-01,259.2843,115.6897,138.1035,101.6982,92.6994
2020-05-04,259.9995,116.1889,137.4539,101.8567,92.691
2020-05-05,262.4017,117.0857,136.5741,101.722,92.6994
2020-05-06,260.623,116.2259,134.3703,100.581,92.6827
2020-05-07,263.7679,117.816,136.6151,100.8503,92.6827
2020-05-08,268.1322,122.3645,134.8391,100.367,92.691
2020-05-11,268.1873,121.7543,133.7865,99.4874,92.6743
2020-05-12,262.8418,117.3815,135.1597,100.4462,92.6827
2020-05-13,258.1932,113.4524,136.1054,100.676,92.6827
2020-05-14,261.2831,113.8223,137.4375,101.5081,92.691
2020-05-15,262.4843,115.6342,137.0838,101.8646,92.6994
2020-05-18,270.4795,122.6603,134.0744,102.4431,92.6994
2020-05-19,267.7013,120.2381,134.5758,102.5224,92.6994
2020-05-20,272.249,123.8806,134.9788,103.6476,92.6994
2020-05-21,270.3695,124.1025,135.316,103.5683,92.691
2020-05-22,270.8828,124.7034,136.1301,103.5683,92.6994
2020-05-26,274.2202,128.2996,134.3045,103.4257,92.691
2020-05-27,278.3004,132.2842,134.0578,103.8536,92.6827
2020-05-28,277.787,129.1502,133.5644,103.9408,92.691
2020-05-29,279.0247,128.4106,134.5183,104.6144,92.6743
2020-06-01,280.1525,129.6401,133.6126,104.5683,92.6836
2020-06-02,282.4721,130.7125,133.1269,104.9019,92.6836
2020-06-03,286.2314,133.865,131.3566,104.8383,92.6752
2020-06-04,285.4796,133.6709,129.4547,104.5206,92.6668
2020-06-05,292.7963,138.8387,128.5326,105.0608,92.6668
2020-06-08,296.3354,141.529,129.0266,105.4102,92.6668
2020-06-09,294.1258,138.9127,130.4922,105.1878,92.6668
2020-06-10,292.4845,135.1408,132.427,105.8789,92.6668
2020-06-11,275.6231,124.8328,134.93,104.6159,92.6836
2020-06-12,278.9238,127.8281,133.6291,105.1243,92.6836
2020-06-15,281.5278,130.7835,133.7031,106.6177,92.6668
2020-06-16,286.9466,133.9281,131.653,106.3238,92.6668
2020-06-17,285.7546,131.5071,132.1964,106.1172,92.6668
2020-06-18,285.8647,131.4606,133.5961,106.3555,92.6752
2020-06-19,284.2309,130.7835,133.7031,106.435,92.6752
2020-06-22,286.0543,132.0915,133.7197,106.3317,92.6752
2020-06-23,287.3712,132.648,132.8058,106.1331,92.6836
2020-06-24,280.0409,128.3439,134.2301,105.8392,92.6752
2020-06-25,283.043,130.2826,134.6171,105.9504,92.6752
2020-06-26,276.3202,126.7762,136.058,106.0457,92.6836
2020-06-29,280.3815,130.9226,135.6298,106.5382,92.6752
2020-06-30,283.973,132.815,134.9711,106.8401,92.6919
2020-07-01,285.9622,131.5535,134.7091,107.262,92.6752
2020-07-02,287.5371,132.0915,134.8492,107.5248,92.6752
2020-07-06,291.9759,133.0469,134.2969,107.8035,92.6836
2020-07-07,288.9644,130.6908,136.1846,107.9468,92.6836
2020-07-08,291.1746,131.6648,135.6405,107.7716,92.6752
2020-07-09,289.5169,129.0025,137.8001,108.3767,92.6836
2020-07-10,292.4732,131.0804,137.1077,108.1777,92.6836
2020-07-13,289.9406,129.4199,137.5611,107.8911,92.6919
2020-07-14,293.698,131.5627,137.759,108.52,92.6919
2020-07-15,296.3962,136.3863,137.1159,108.735,92.6919
2020-07-16,295.42,135.5792,137.7672,109.0376,92.6836
2020-07-17,296.2765,135.9781,137.4787,109.3321,92.6836
2020-07-20,298.6708,135.3938,137.8167,109.6347,92.6919
2020-07-21,299.3063,137.3139,137.8992,109.778,92.6919
2020-07-22,301.01,137.3881,138.3113,110.1363,92.6836
2020-07-23,297.4184,137.5273,139.9269,110.2159,92.6836
2020-07-24,295.503,135.505,139.9187,109.9691,92.6836
2020-07-27,297.6579,136.915,139.3994,109.6347,92.6919
2020-07-28,295.77,135.5515,140.3638,109.5232,92.6919
2020-07-29,299.4077,138.5383,140.1248,110.1204,92.6836
2020-07-30,298.3394,137.9911,141.048,110.001,92.6836
2020-07-31,300.6969,136.6924,140.9573,110.1522,92.6919
2020-08-03,302.7873,138.9187,140.2476,110.2998,92.697
2020-08-04,303.9569,139.8741,141.5845,110.7067,92.697
2020-08-05,305.8448,142.6569,140.3466,110.5552,92.6886
2020-08-06,307.8893,142.6012,141.1307,111.0259,92.6886
2020-08-07,308.1102,144.8646,140.1899,110.7148,92.6886
2020-08-10,309.0312,146.3673,139.5627,110.4754,92.6886
2020-08-11,306.4801,145.5232,137.9039,109.7812,92.6886
2020-08-12,310.7533,146.1169,136.6496,109.5099,92.6802
2020-08-13,310.1916,145.8108,135.1889,108.5205,92.6802
2020-08-14,310.2008,145.718,134.6608,108.0418,92.6886
2020-08-17,311.1862,146.4694,134.9992,108.2652,92.697
2020-08-18,311.8584,145.0687,135.9647,108.5763,92.6886
2020-08-19,310.5599,145.0779,135.1147,108.2892,92.6886
2020-08-20,311.5268,144.4843,136.336,108.6722,92.6886
2020-08-21,312.632,143.4175,137.153,108.8716,92.6886
2020-08-24,315.7999,144.9202,136.9302,108.6801,92.6886
2020-08-25,316.905,145.0779,135.8822,108.2094,92.6802
2020-08-26,320.0822,144.1689,135.3622,108.2493,92.6802
2020-08-27,320.782,144.5214,133.0599,107.3875,92.6886
2020-08-28,322.854,145.7459,132.9608,107.7147,92.697
2020-08-31,321.6845,144.1782,133.8439,108.1934,92.6886
2020-09-01,324.7144,145.8294,135.3747,108.8771,92.6835
2020-09-02,329.411,146.9888,136.6635,109.3089,92.6919
2020-09-03,318.0746,142.6476,137.0518,109.069,92.6835
2020-09-04,315.4776,141.7385,134.4494,107.9095,92.6835
2020-09-08,306.8577,139.0114,135.2756,108.0135,92.6835
2020-09-09,312.9174,141.117,134.912,108.0855,92.6835
2020-09-10,307.484,139.2804,135.5979,108.1654,92.6835
2020-09-11,307.6405,138.3529,135.8869,108.2454,92.6835
2020-09-14,311.6925,141.9983,135.8787,108.5173,92.6835
2020-09-15,313.2673,142.2673,135.5482,108.6372,92.6835
2020-09-16,312.0241,143.6124,135.1434,108.7092,92.6835
2020-09-17,309.2798,142.5641,135.5565,108.7332,92.6835
2020-09-18,305.7191,142.193,135.1351,108.5333,92.6835
2020-09-21,302.3167,137.2118,135.8208,108.4293,92.6835
2020-09-22,305.3955,138.2693,135.7134,108.4933,92.6835
2020-09-23,298.3131,134.1499,135.8952,107.7096,92.6835
2020-09-24,299.1084,134.1499,136.4156,107.4378,92.6835
2020-09-25,303.9439,136.3288,136.4156,107.3258,92.6835
2020-09-28,308.9922,139.6902,136.0273,107.8696,92.6835
2020-09-29,307.3095,139.057,136.1843,107.7336,92.6919
2020-09-30,309.6395,139.4761,134.879,107.7176,92.6835
2020-10-01,311.6273,141.7015,135.1015,108.0174,92.6944
2020-10-02,308.6686,142.3254,134.597,108.0334,92.6861
2020-10-05,314.1423,146.2548,131.9671,107.6727,92.6861
2020-10-06,309.6765,145.8358,132.6783,107.5846,92.6944
2020-10-07,315.0669,149.0203,131.7106,107.6167,92.6861
2020-10-08,317.8591,150.715,132.422,107.8811,92.6861
2020-10-09,320.6977,151.4972,132.3971,108.1296,92.6861
2020-10-12,325.8569,152.5121,132.8189,108.7546,92.6944
2020-10-13,323.7304,151.4972,133.77,108.6504,92.6944
2020-10-14,321.6963,149.998,134.076,108.7546,92.6777
2020-10-15,321.2987,151.5437,133.8444,108.6424,92.6861
2020-10-16,321.1045,151.1712,133.4722,108.4581,92.6861
2020-10-19,316.2227,149.3648,132.9677,108.2497,92.6777
2020-10-20,317.4894,149.6907,131.7024,108.0254,92.6777
2020-10-21,316.8884,148.4057,131.2476,107.849,92.6777
2020-10-22,318.6266,150.9664,129.883,107.6086,92.6777
2020-10-23,319.7084,151.8417,130.677,107.8811,92.6777
2020-10-26,313.8002,148.564,131.8926,108.1055,92.6777
2020-10-27,312.7184,147.2883,132.7775,108.5463,92.6777
2020-10-28,302.03,142.7537,132.9016,108.0093,92.6777
2020-10-29,305.0996,144.4577,131.6115,107.7289,92.6861
2020-10-30,301.9191,142.5489,130.313,107.1679,92.6944
2020-11-02,305.3032,145.0909,131.2891,107.5879,92.6752
2020-11-03,310.6935,149.2065,130.5275,107.6923,92.6919
2020-11-04,317.6373,149.3741,133.3589,109.3065,92.6752
2020-11-05,323.832,153.555,133.5907,109.716,92.6835
2020-11-06,323.7581,152.3538,131.9763,109.3707,92.6835
2020-11-09,327.8264,157.8755,129.2028,108.5436,92.6752
2020-11-10,327.3456,160.8086,128.4577,108.2625,92.6752
2020-11-11,329.7773,160.7434,128.9214,108.4632,92.6835
2020-11-12,326.5782,158.2759,131.1153,108.8969,92.6835
2020-11-13,331.0995,161.5535,130.9414,109.0254,92.6835
2020-11-16,335.2324,165.3991,130.6268,109.3788,92.6835
2020-11-17,333.4294,166.172,131.4795,109.7321,92.6835
2020-11-18,329.4167,163.8441,131.8604,109.965,92.6835
2020-11-19,330.8036,165.1012,132.5393,110.5753,92.6835
2020-11-20,328.5383,165.2781,133.715,110.479,92.6835
2020-11-23,330.5077,168.3695,133.1022,110.6155,92.6835
2020-11-24,335.8335,171.5354,131.7776,110.3665,92.6835
2020-11-25,335.3156,170.9488,131.372,110.4308,92.6835
2020-11-27,336.2496,171.675,132.6469,110.8243,92.6919
2020-11-30,334.7609,168.5557,132.4814,111.2098,92.6752
2020-12-01,338.4222,170.12,130.5279,110.7881,92.6768
2020-12-02,339.1343,170.2969,129.492,110.418,92.6768
2020-12-03,339.0418,171.256,130.5362,110.8525,92.6768
2020-12-04,341.9634,175.2413,128.6219,110.2409,92.6852
2020-12-07,341.2609,175.4089,129.7821,110.3375,92.6852
2020-12-08,342.2594,177.6623,130.3954,110.2088,92.6768
2020-12-09,339.1897,176.368,129.9644,109.8064,92.6852
2020-12-10,339.0788,178.072,131.1164,110.3536,92.6936
2020-12-11,338.6812,177.1967,131.5805,110.4662,92.6852
2020-12-14,337.1649,177.4041,131.2158,110.3858,92.6852
2020-12-15,341.7231,181.8408,130.7766,110.603,92.6768
2020-12-16,342.2594,181.187,130.4286,110.5145,92.6852
2020-12-17,344.1732,183.3447,130.0833,110.6758,92.6852
2020-12-18,342.7992,182.4573,129.6934,110.5951,92.6852
2020-12-21,341.5734,182.3639,130.2079,110.3774,92.6852
2020-12-22,340.9977,184.4375,130.8798,110.6839,92.6768
2020-12-23,341.3041,186.0067,129.9755,110.7081,92.6852
2020-12-24,342.6319,185.8852,130.4899,111.087,92.6852
2020-12-28,345.5754,185.1941,130.5479,111.1596,92.6768
2020-12-29,344.9161,181.6073,130.3821,111.2079,92.6852
2020-12-30,345.4083,183.4567,130.6641,111.3531,92.6852
2020-12-31,347.1632,183.1298,130.8549,111.3773,92.6936
2021-01-04,342.437,180.7386,130.6973,110.8128,92.6852
2021-01-05,344.7954,183.5314,129.7267,110.4581,92.6852
2021-01-06,346.8568,191.0412,127.0636,109.5631,92.6936
2021-01-07,352.0101,194.4411,125.9436,109.5469,92.6936
2021-01-08,354.0158,194.0208,125.5371,109.4663,92.6852
2021-01-11,351.6295,193.8527,125.3298,108.9986,92.6768
2021-01-12,351.7038,197.3273,125.2301,109.2325,92.6768
2021-01-13,352.6509,195.9169,126.6405,110.0792,92.6768
2021-01-14,351.4159,199.8306,125.4542,109.6034,92.6768
2021-01-15,348.8532,196.851,125.952,109.7727,92.6768
2021-01-19,351.5923,199.3729,126.3584,109.9663,92.6768
2021-01-20,356.4579,200.2509,126.4829,109.934,92.6768
2021-01-21,356.7829,198.5136,125.5952,109.4986,92.6768
2021-01-22,355.5201,200.8207,126.0017,109.4179,92.6768
2021-01-25,356.9222,200.6246,127.4868,109.8856,92.6768
2021-01-26,356.3651,199.2329,127.2461,109.8775,92.6768
2021-01-27,347.6554,195.5807,127.5697,109.684,92.6852
2021-01-28,350.6452,194.9549,126.8645,109.5066,92.6768
2021-01-29,343.6255,192.0033,126.1013,109.3373,92.6852
2021-02-01,349.3453,196.7202,126.2475,109.553,92.6768
2021-02-02,354.2851,199.5224,125.4335,109.2621,92.6768
2021-02-03,354.5637,200.1202,124.3205,109.0036,92.6936
2021-02-04,358.5935,204.202,123.9883,109.1894,92.6852
2021-02-05,360.0049,207.0322,122.95,108.8986,92.6936
2021-02-08,362.6049,212.3189,123.4899,109.3672,92.6852
2021-02-09,362.3634,213.3183,123.5813,109.1975,92.6936
2021-02-10,362.2056,211.9172,124.4036,109.4561,92.6936
2021-02-11,362.7906,211.6744,123.7225,109.1652,92.6852
2021-02-12,364.5827,212.2722,122.186,108.8097,92.6852
2021-02-16,364.267,210.9365,120.3254,108.0422,92.6852
2021-02-17,364.3506,209.2832,121.0895,108.5835,92.6852
2021-02-18,362.7999,206.0421,120.5995,108.3735,92.6852
2021-02-19,362.1591,210.3387,118.9965,107.5898,92.6852
2021-02-22,359.3735,208.975,118.0912,106.9192,92.6852
2021-02-23,359.8099,207.1349,117.7507,107.0,92.6852
2021-02-24,363.7748,212.0294,116.9782,107.1616,92.6852
2021-02-25,355.0094,204.1926,115.0679,105.465,92.6768
2021-02-26,353.1801,203.9124,118.872,106.8626,92.6852
2021-03-01,361.7413,211.1606,117.3019,106.9671,92.6852
2021-03-02,358.9186,207.0975,117.3102,106.8457,92.6768
2021-03-03,354.1645,204.8558,116.0379,106.0523,92.6852
2021-03-04,349.7817,199.1301,115.2895,105.186,92.6768
2021-03-05,356.2165,203.352,115.514,105.0484,92.6768
2021-03-08,354.443,204.3141,114.616,104.0689,92.6768
2021-03-09,359.5035,208.6107,116.2043,104.8542,92.6852
2021-03-10,361.7413,212.2348,116.437,105.348,92.6768
2021-03-11,365.409,216.9051,115.5972,105.4127,92.6768
2021-03-12,365.9012,218.1847,113.1441,104.1984,92.6768
2021-03-15,368.0832,218.96,113.8093,104.5546,92.6768
2021-03-16,367.619,215.2985,113.3519,104.4817,92.6768
2021-03-17,368.8725,216.9892,112.5037,104.5789,92.6852
2021-03-18,363.5055,210.3854,111.3644,103.9798,92.6852
2021-03-19,362.8329,211.9733,112.0547,104.1336,92.6852
2021-03-22,365.7301,210.376,113.3103,104.506,92.6936
2021-03-23,362.8516,202.7448,114.3332,104.8137,92.6852
2021-03-24,361.007,198.056,114.9485,105.1294,92.6852
2021-03-25,363.038,202.7518,114.0422,105.0079,92.6852
2021-03-26,368.8882,206.4482,113.643,104.9351,92.6852
2021-03-29,368.702,200.6369,112.6784,104.6841,92.6852
2021-03-30,367.7238,204.0151,113.2688,105.0079,92.6768
2021-03-31,369.2143,206.7571,112.6368,105.2832,92.6768
2021-04-01,373.2015,209.3773,114.5062,105.9434,92.6768
2021-04-05,378.558,210.5284,114.0066,105.4243,92.6768
2021-04-06,378.3345,209.9107,114.781,106.13,92.6936
2021-04-07,378.7724,206.5231,113.9816,105.9192,92.6852
2021-04-08,380.5703,208.2731,114.9226,106.3085,92.6852
2021-04-09,383.3371,208.3011,114.5062,106.0894,92.6936
2021-04-12,383.4768,207.487,114.4562,106.0651,92.6852
2021-04-13,384.6134,206.9442,115.3139,106.5356,92.6852
2021-04-14,383.2998,208.9843,114.9475,106.3896,92.6852
2021-04-15,387.4174,209.892,116.8711,107.0466,92.6768
2021-04-16,388.7123,210.2289,115.9635,106.3166,92.6768
2021-04-19,386.8026,207.4964,115.6304,106.0408,92.6768
2021-04-20,383.9706,203.2478,116.1633,106.2436,92.6768
2021-04-21,387.6037,208.2169,116.3965,106.6086,92.6768
2021-04-22,384.0637,207.356,116.9044,106.7141,92.6768
2021-04-23,388.2279,211.2676,116.6296,106.8033,92.6852
2021-04-26,389.0384,213.4668,116.4631,106.7546,92.6768
2021-04-27,388.9545,213.785,115.4472,106.276,92.6768
2021-04-28,388.8427,214.1499,115.5222,106.2923,92.6768
2021-04-29,391.3207,213.3545,115.1807,106.1625,92.6768
2021-04-30,388.7496,210.4535,115.4472,106.3815,92.6768
2021-05-03,389.588,211.4829,115.5164,106.6375,92.6768
2021-05-04,387.1845,208.9561,116.3003,106.7025,92.6852
2021-05-05,387.3056,208.1233,116.4921,106.8326,92.6852
2021-05-06,390.3984,208.3011,116.6839,107.0357,92.6852
2021-05-07,393.2399,210.9214,116.1085,107.0764,92.6852
2021-05-10,389.3458,205.5592,114.9326,106.4993,92.6768
2021-05-11,385.871,204.9042,114.2822,106.1092,92.6768
2021-05-12,377.673,198.2506,113.0813,105.5322,92.6768
2021-05-13,382.2099,201.9002,113.2565,105.9304,92.6852
2021-05-14,388.0789,206.8319,114.3155,106.5074,92.6768
2021-05-17,387.0913,207.1127,114.0737,106.3856,92.6768
2021-05-18,383.7563,205.5405,113.7818,106.0361,92.6768
2021-05-19,382.7502,203.959,113.5067,105.8492,92.6768
2021-05-20,386.8678,205.3159,114.4406,106.5725,92.6768
2021-05-21,386.5511,205.8493,114.8075,106.6456,92.6852
2021-05-24,390.4916,207.1875,115.2329,106.9382,92.6852
2021-05-25,389.6254,205.1849,116.3003,107.3365,92.6852
2021-05-26,390.3984,209.0123,116.1002,107.2795,92.6852
2021-05-27,390.6035,211.1647,115.6331,106.9545,92.6852
2021-05-28,391.3021,211.0243,115.4497,107.0439,92.6768
2021-06-01,390.9574,213.42,115.4238,107.0577,92.6685
2021-06-02,391.5723,213.6726,115.691,107.2288,92.6768
2021-06-03,390.119,211.8853,115.2568,106.8053,92.6685
2021-06-04,393.6869,212.8024,116.8352,107.5626,92.6768
2021-06-07,393.3051,215.6566,116.4761,107.473,92.6685
2021-06-08,393.3889,217.9399,117.2944,107.8801,92.6768
2021-06-09,392.802,216.4895,118.33,108.271,92.6601
2021-06-10,394.6278,214.884,119.0399,108.7596,92.6685
2021-06-11,395.2801,217.1521,118.8478,108.8492,92.6601
2021-06-14,396.165,216.5147,117.9376,108.4502,92.6601
2021-06-15,395.4384,215.8962,117.7956,108.5316,92.6685
2021-06-16,393.2305,215.437,117.6954,108.2221,92.6685
2021-06-17,393.1001,213.019,119.4575,108.8247,92.6685
2021-06-18,387.797,208.1829,121.704,109.3948,92.6517
2021-06-21,393.3487,212.6347,119.6663,108.7596,92.6601
2021-06-22,395.4516,213.6,119.9586,108.9388,92.6517
2021-06-23,394.9749,214.3029,119.6496,108.7678,92.6601
2021-06-24,397.3115,217.3301,119.8416,108.9795,92.6685
2021-06-25,398.7228,217.6956,118.5973,108.6945,92.6517
2021-06-28,399.5266,215.9712,119.8166,109.1587,92.6601
2021-06-29,399.7416,214.9402,120.017,109.289,92.6601
2021-06-30,400.0781,214.9683,120.5515,109.4111,92.6601
2021-07-01,402.2931,216.8615,120.5582,109.3156,92.6601
2021-07-02,405.368,214.7996,121.2857,109.6256,92.6601
2021-07-06,404.6297,211.6787,122.7073,110.0254,92.6517
2021-07-07,406.0597,209.7106,123.7943,110.4007,92.6601
2021-07-08,402.7511,207.7799,124.2794,110.4578,92.6601
2021-07-09,407.0504,212.1661,122.5317,109.9928,92.6601
2021-07-12,408.5083,212.3441,122.3728,109.9357,92.6517
2021-07-13,407.1158,208.3422,121.4363,109.5278,92.6601
2021-07-14,407.7233,205.1276,122.816,110.0336,92.6601
2021-07-15,406.3307,203.9655,124.1707,110.2702,92.6517
2021-07-16,403.1436,201.4537,123.9365,110.1152,92.6517
2021-07-19,397.19,198.4359,126.6543,110.9065,92.6517
2021-07-20,402.8819,204.5934,125.4334,110.7515,92.6601
2021-07-21,406.1438,208.1173,123.8446,110.3599,92.6517
2021-07-22,406.9943,204.8089,125.0153,110.8168,92.6517
2021-07-23,411.1814,205.7649,124.1791,110.7679,92.6601
2021-07-26,412.1909,206.3647,123.8111,110.5231,92.6517
2021-07-27,410.3123,203.9561,125.1324,110.9963,92.6517
2021-07-28,410.144,206.9552,125.1407,111.1921,92.6601
2021-07-29,411.845,208.5485,124.4466,110.8739,92.6601
2021-07-30,409.8449,207.1707,125.0319,110.9636,92.6601
2021-08-02,408.985,206.1398,126.1472,111.2849,92.6601
2021-08-03,412.3123,206.9927,126.2142,111.3992,92.6601
2021-08-04,410.2842,204.4153,126.4738,111.4238,92.6517
2021-08-05,412.8825,208.0892,125.8291,110.9661,92.6517
2021-08-06,413.5648,209.3638,123.7276,110.0589,92.6601
2021-08-09,413.2283,208.211,123.2838,109.5848,92.6517
2021-08-10,413.7423,208.6234,122.7145,109.3396,92.6517
2021-08-11,414.7704,209.645,122.6391,109.5113,92.6433
2021-08-12,416.0134,209.1482,122.4382,109.6666,92.6433
2021-08-13,416.7705,207.2457,124.3723,110.4021,92.6433
2021-08-16,417.752,205.3151,124.6736,110.4675,92.6433
2021-08-17,415.0134,202.8127,124.6235,110.2714,92.6517
2021-08-18,410.4711,201.0414,125.042,110.1978,92.6433
2021-08-19,411.1067,198.6327,125.963,110.4512,92.6433
2021-08-20,414.3779,201.9879,126.0468,110.5247,92.6517
2021-08-23,418.0229,205.8305,125.963,110.6065,92.6433
2021-08-24,418.6866,207.8549,124.9834,110.3531,92.6433
2021-08-25,419.5651,208.5859,123.9452,110.067,92.6517
2021-08-26,417.0883,206.3741,124.2885,110.0344,92.6433
2021-08-27,420.8175,212.1942,125.1341,110.6473,92.6433
2021-08-30,422.6681,211.3226,125.4607,110.8353,92.6433
2021-08-31,422.0418,211.7349,124.6066,110.5819,92.6433
2021-09-01,422.2661,213.1595,124.8154,110.7244,92.6433
2021-09-02,423.5653,214.6403,125.3603,110.9209,92.6517
2021-09-03,423.4625,213.6469,124.2202,110.5197,92.6433
2021-09-07,421.9484,212.1754,123.1724,109.9958,92.6433
2021-09-08,421.4344,209.8605,124.0106,110.3478,92.6517
2021-09-09,419.6305,209.7574,125.5112,111.0682,92.6517
2021-09-10,416.3219,207.705,124.4046,110.749,92.6433
2021-09-13,417.3874,208.8858,125.1592,111.0192,92.6433
2021-09-14,415.135,206.2241,126.6765,111.3548,92.6433
2021-09-15,418.6024,208.0892,126.2322,111.2238,92.6433
2021-09-16,417.9388,208.2392,125.6538,111.0682,92.6517
2021-09-17,413.8677,208.5109,125.0502,110.8227,92.6433
2021-09-20,406.9668,203.5531,126.601,111.1665,92.6433
2021-09-21,406.5823,203.8624,126.492,111.1584,92.6433
2021-09-22,410.5484,207.0301,127.2465,111.4695,92.6433
2021-09-23,415.5367,210.6947,124.3711,110.6998,92.6433
2021-09-24,416.2211,209.6785,123.1556,110.4624,92.6349
2021-09-27,415.0303,212.8652,122.7029,110.4051,92.6349
2021-09-28,406.6667,208.024,120.7915,109.2261,92.6349
2021-09-29,407.3512,207.5822,121.0011,109.2016,92.6349
2021-09-30,402.3724,205.6363,120.9844,108.915,92.6433
2021-10-01,407.1542,208.9546,122.0026,109.7066,92.6349
2021-10-04,401.9035,207.0557,121.692,109.5262,92.6265
2021-10-05,406.0854,207.7702,120.5168,109.075,92.6349
2021-10-06,407.7731,206.6891,121.1967,109.1078,92.6349
2021-10-07,411.2986,209.8759,119.9292,108.6238,92.6433
2021-10-08,410.5484,208.2966,119.0899,108.1234,92.6433
2021-10-11,407.5762,207.1027,118.7877,107.9184,92.6349
2021-10-12,406.573,208.2402,120.8191,108.6074,92.6433
2021-10-13,408.0356,209.2272,121.9941,109.157,92.6433
2021-10-14,414.8991,212.3294,122.4474,109.6738,92.6433
2021-10-15,418.0589,211.662,121.7339,109.2801,92.6265
2021-10-18,419.2965,211.5398,122.3047,109.1898,92.6265
2021-10-19,422.5313,212.3294,120.6176,108.591,92.6265
2021-10-20,424.1909,213.7395,119.8033,108.3285,92.6349
2021-10-21,425.2974,214.2847,119.6607,108.0989,92.6265
2021-10-22,424.8566,213.7771,120.9785,108.5336,92.6349
2021-10-25,427.135,215.8076,120.7938,108.5828,92.6265
2021-10-26,427.5196,214.1814,121.7926,109.0504,92.6349
2021-10-27,425.6255,210.2425,124.0086,109.7148,92.6349
2021-10-28,429.7324,214.4351,123.589,109.5507,92.6349
2021-10-29,430.6043,214.3787,123.9666,109.4933,92.6181
2021-11-01,431.345,219.9344,123.0741,109.2977,92.6181
2021-11-02,433.0889,220.395,123.6204,109.7169,92.6265
2021-11-03,435.7331,224.3338,122.3429,109.4374,92.6181
2021-11-04,437.7865,224.2492,123.6287,110.0128,92.6349
2021-11-05,439.3054,227.3138,125.4778,110.8183,92.6265
2021-11-08,439.6806,228.0189,125.2425,110.5635,92.6181
2021-11-09,438.2272,226.6934,126.8729,110.8594,92.6181
2021-11-10,434.7017,223.1212,124.5533,109.7251,92.6181
2021-11-11,434.8423,224.9167,124.3684,109.4128,92.6181
2021-11-12,438.124,225.1423,123.822,109.2977,92.6265
2021-11-15,438.274,224.2492,122.2673,108.4676,92.6181
2021-11-16,440.0087,224.6629,121.9563,108.2868,92.6181
2021-11-17,438.9398,221.7205,122.9227,108.7224,92.6265
2021-11-18,440.4306,220.7805,123.385,108.969,92.6349
2021-11-19,439.643,218.7688,124.6878,109.3799,92.6265
2021-11-22,438.4053,217.8381,123.2254,108.4265,92.6181
2021-11-23,438.9866,217.4621,121.4437,107.6539,92.6265
2021-11-24,440.1587,217.6971,123.3935,108.1717,92.6097
2021-11-26,430.3418,209.4905,126.5115,109.0512,92.6097
2021-11-29,435.6205,209.3589,125.4946,109.1252,92.6181
2021-11-30,427.1444,205.091,127.4023,109.3635,92.5762
2021-12-01,422.4,200.4754,128.1883,109.3791,92.6014
2021-12-02,428.8698,206.0687,128.3481,109.6344,92.6097
2021-12-03,425.1379,201.8384,129.8797,110.5483,92.6014
2021-12-06,430.1729,205.8901,128.0957,109.9884,92.6014
2021-12-07,439.071,210.6655,127.0607,110.0378,92.593
2021-12-08,440.2337,212.1038,124.8645,109.305,92.5846
2021-12-09,437.2614,207.3001,125.563,109.2145,92.6014
2021-12-10,441.3776,206.7267,125.26,109.3379,92.593
2021-12-13,437.4677,203.7056,127.1113,109.832,92.6014
2021-12-14,434.4579,201.9518,126.8082,109.3379,92.6014
2021-12-15,441.2463,205.1577,125.5881,109.4779,92.593
2021-12-16,437.3552,201.0089,125.637,109.4746,92.6097
2021-12-17,432.7005,202.857,127.0607,109.7303,92.6014
2021-12-20,428.0994,200.0094,126.1087,109.2519,92.593
2021-12-21,435.702,205.7234,125.6287,109.4664,92.6014
2021-12-22,440.0584,207.7036,126.2099,109.6396,92.6014
2021-12-23,442.7965,209.3631,125.1147,109.4746,92.6014
2021-12-27,449.063,211.3243,125.418,109.7964,92.6014
2021-12-28,448.6961,210.0325,124.921,109.6561,92.593
2021-12-29,449.2701,210.2589,123.5563,109.0539,92.6014
2021-12-30,448.028,210.2023,124.5925,109.4911,92.6014
2021-12-31,446.8989,209.7496,124.8367,109.3262,92.6014
2022-01-03,449.4865,212.4558,121.5598,108.1629,92.5846
2022-01-04,449.3359,212.1352,121.0543,108.2537,92.5846
2022-01-05,440.7077,204.9502,120.3972,107.6184,92.5678
2022-01-06,440.2937,206.1195,120.7089,107.4782,92.5762
2022-01-07,438.553,203.7339,119.8413,107.0162,92.5846
2022-01-10,438.0073,203.0267,120.1361,106.9172,92.5846
2022-01-11,441.9967,205.186,120.9364,107.239,92.5678
2022-01-12,443.1917,203.6585,120.4731,107.1647,92.5762
2022-01-13,437.0851,201.7916,121.5429,107.5029,92.5762
2022-01-14,437.2639,202.0744,119.7065,106.5542,92.5595
2022-01-18,429.5202,195.9644,118.0216,105.5395,92.5175
2022-01-19,425.0602,192.7773,118.8388,105.7045,92.551
2022-01-20,420.3556,189.2886,119.5717,105.6467,92.5595
2022-01-21,412.1037,185.7433,120.9954,106.3397,92.5595
2022-01-24,413.8538,190.024,120.0013,106.0097,92.5426
2022-01-25,408.8011,187.4876,119.8075,105.7127,92.5426
2022-01-26,407.7756,184.7815,118.3586,104.995,92.5426
2022-01-27,405.762,180.5855,120.532,105.2342,92.5259
2022-01-28,415.8391,184.1026,120.5742,105.3497,92.5259
2022-01-31,423.3289,189.7506,119.9508,105.3992,92.5259
2022-02-01,426.1893,191.7496,119.5526,105.5745,92.5343
2022-02-02,430.3294,189.8449,119.9575,105.5827,92.5343
2022-02-03,420.2144,186.2524,119.0212,104.7314,92.5426
2022-02-04,422.1904,187.0539,117.2664,103.6899,92.5091
2022-02-07,420.8354,187.978,117.3424,103.8801,92.5091
2022-02-08,424.298,191.1838,116.5579,103.4916,92.5091
2022-02-09,430.5081,194.814,116.7772,103.8387,92.5091
2022-02-10,422.7738,191.825,114.9213,102.4253,92.4504
2022-02-11,414.4373,189.8826,116.6253,103.1858,92.4756
2022-02-14,413.0823,189.2226,115.1744,102.2683,92.4504
2022-02-15,419.744,194.2954,113.8669,101.7559,92.4588
2022-02-16,420.2144,194.7009,114.5417,101.9046,92.4672
2022-02-17,411.2381,189.7129,115.3938,101.979,92.4923
2022-02-18,408.5753,188.0817,116.6085,102.227,92.5008
2022-02-22,404.1906,185.4321,116.9122,102.0947,92.4839
2022-02-23,397.0208,181.9622,115.3009,101.169,92.4923
2022-02-24,402.9957,186.7333,115.3769,101.6484,92.4923
2022-02-25,411.8873,190.9386,115.4612,102.0617,92.5008
2022-02-28,410.8335,191.7119,117.992,103.1527,92.4923
2022-03-01,404.5764,188.1005,119.3561,103.5055,92.5175
2022-03-02,412.0191,192.5793,115.2763,101.9319,92.5008
2022-03-03,409.9679,190.2975,116.4504,102.3046,92.5175
2022-03-04,406.637,187.3179,118.4608,102.404,92.5008
2022-03-07,394.6497,182.66,117.557,101.1616,92.5091
2022-03-08,391.6576,183.6689,116.3744,100.557,92.5008
2022-03-09,402.1582,188.8454,115.234,100.7309,92.5008
2022-03-10,400.3423,188.506,113.5784,99.5797,92.4923
2022-03-11,395.2519,185.4981,113.9585,99.5382,92.4839
2022-03-14,392.3633,181.7076,111.2977,98.0971,92.4672
2022-03-15,400.9915,184.6023,111.1034,98.8674,92.4672
2022-03-16,409.8831,190.4107,112.1931,99.7122,92.4756
2022-03-17,415.0112,193.3997,111.3569,100.6895,92.5008
2022-03-18,419.5567,195.4364,112.7168,100.8883,92.4839
2022-03-21,419.4341,193.7108,110.1067,99.4885,92.4588
2022-03-22,424.342,195.6532,108.6961,99.2483,92.4588
2022-03-23,418.8772,192.2587,111.0781,99.5299,92.4588
2022-03-24,425.1914,194.4695,110.208,99.5714,92.4504
2022-03-25,427.2679,194.734,108.6792,98.7845,92.442
2022-03-28,430.3071,194.8002,109.6084,99.3312,92.4337
2022-03-29,435.6304,200.0152,110.4361,100.1677,92.442
2022-03-30,432.9404,196.0,111.2977,100.3997,92.4504
2022-03-31,426.2769,193.931,111.568,100.1677,92.4588
2022-04-01,427.4851,196.1039,111.9927,100.5039,92.4404
2022-04-04,431.1471,196.4251,111.2144,100.8525,92.4319
2022-04-05,425.7011,191.7769,108.7018,99.0845,92.4236
2022-04-06,421.4443,189.056,107.822,98.5036,92.4152
2022-04-07,423.5681,188.4419,107.0098,98.0471,92.4404
2022-04-08,422.4355,186.9397,105.8508,97.2752,92.4319
2022-04-11,415.215,185.6832,104.1757,96.329,92.4236
2022-04-12,413.6766,186.269,104.0319,96.3954,92.4488
2022-04-13,418.4147,189.8118,104.2434,96.8934,92.4571
2022-04-14,413.2047,187.9695,102.1538,95.7646,92.4404
2022-04-18,413.3745,186.7035,101.6462,95.0342,92.4404
2022-04-19,420.0474,190.4259,100.8848,94.2789,92.4319
2022-04-20,419.736,191.1534,102.9152,95.2583,92.4404
2022-04-21,413.4595,186.8736,102.1538,94.2457,92.4152
2022-04-22,402.1146,182.0364,101.5109,94.1378,92.4068
2022-04-25,404.4458,183.1418,102.526,95.1836,92.4152
2022-04-26,392.7327,177.3693,103.5581,95.1338,92.4236
2022-04-27,393.837,176.6324,102.2299,94.2208,92.4319
2022-04-28,403.7851,179.9296,102.3822,94.503,92.4236
2022-04-29,388.863,174.7335,101.054,93.4572,92.4319
2022-05-02,391.2037,176.5663,99.3023,92.9032,92.4177
2022-05-03,392.997,178.0779,99.9718,93.5021,92.4009
2022-05-04,404.9649,182.83,100.5227,94.4172,92.4429
2022-05-05,390.5714,175.4137,97.7685,92.9697,92.4261
2022-05-06,388.2401,172.4944,96.3278,92.1795,92.4513
2022-05-09,375.8097,165.2386,97.1753,92.5039,92.468
2022-05-10,376.6779,165.2859,98.0566,92.8949,92.468
2022-05-11,370.6941,161.1761,99.9464,93.3274,92.4513
2022-05-12,370.307,163.0656,99.76,93.369,92.468
2022-05-13,379.1602,168.2335,98.2854,92.8782,92.4764
2022-05-16,377.6217,167.4305,98.1837,93.003,92.4764
2022-05-17,385.3896,172.551,96.9974,92.4706,92.468
2022-05-18,369.8539,166.5046,99.0651,92.8117,92.468
2022-05-19,367.5888,166.7785,99.3023,93.0612,92.4848
2022-05-20,367.7492,166.3534,100.4294,93.5188,92.4848
2022-05-23,374.6299,168.3658,98.7769,93.186,92.4848
2022-05-24,371.77,165.8716,100.726,94.4088,92.5184
2022-05-25,375.0546,168.857,101.1244,95.3822,92.5184
2022-05-26,382.5486,172.6266,100.6667,95.4071,92.5268
2022-05-27,391.9399,177.2748,100.9125,95.9062,92.5184
2022-05-31,389.7407,175.0735,98.7769,95.1991,92.4932
2022-06-01,386.5883,174.0815,98.664,94.6438,92.4823
2022-06-02,393.9503,178.333,98.715,94.6855,92.4823
2022-06-03,387.485,176.7269,98.5027,94.3853,92.4991
2022-06-06,388.6648,177.4921,96.686,93.7182,92.4823
2022-06-07,392.3929,180.3548,97.7302,94.2185,92.4823
2022-06-08,388.1268,177.5677,96.8643,93.6765,92.4739
2022-06-09,378.8961,173.8867,97.1869,93.0594,92.4655
2022-06-10,367.9097,169.1694,96.5842,92.1589,92.4235
2022-06-13,353.9408,161.2219,93.5534,90.0325,92.348
2022-06-14,352.8742,160.4453,92.3734,89.5655,92.306
2022-06-15,357.905,162.7944,94.0967,90.9664,92.348
2022-06-16,346.0598,155.2543,94.8438,91.0665,92.348
2022-06-17,346.8058,156.4668,95.1494,91.25,92.348
2022-06-21,355.5361,159.2706,93.5364,90.3327,92.3564
2022-06-22,354.8915,158.9675,96.1087,90.9915,92.3899
2022-06-23,358.3703,160.8715,96.8982,91.6919,92.3983
2022-06-24,369.7644,165.854,95.5569,91.8003,92.3899
2022-06-27,368.3519,166.4697,94.7419,90.9581,92.3396
2022-06-28,360.8255,163.3438,95.1834,90.9331,92.3815
2022-06-29,360.5316,161.6861,96.669,91.4751,92.3983
2022-06-30,357.6025,160.4263,97.518,91.7503,92.4235
2022-07-01,361.3848,162.3682,98.5191,92.91,92.421
2022-07-05,362.0672,163.7133,99.2932,92.8849,92.4294
2022-07-06,363.2901,162.5008,97.626,92.425,92.4378
2022-07-07,368.7312,166.3466,96.7669,92.4167,92.4378
2022-07-08,368.4278,166.3277,95.6951,92.2662,92.421
2022-07-11,364.219,162.9838,97.3453,92.5254,92.4042
2022-07-12,360.9961,162.425,97.9237,92.6592,92.3958
2022-07-13,359.1003,162.2829,99.0465,93.3531,92.379
2022-07-14,358.2282,160.6157,98.2384,92.7595,92.4042
2022-07-15,365.0721,163.9595,98.7914,93.5036,92.4126
2022-07-18,362.0577,163.4954,97.7621,92.8514,92.4042
2022-07-19,371.8403,169.2642,97.2347,93.1107,92.4042
2022-07-20,374.2101,171.9164,97.4899,93.0103,92.4126
2022-07-21,378.0208,172.7973,99.1741,94.2812,92.4378
2022-07-22,374.5135,170.0408,100.8414,95.0087,92.4546
2022-07-25,374.9685,170.9218,99.8546,94.2059,92.4378
2022-07-26,370.5322,169.8704,99.9312,94.1892,92.4546
2022-07-27,380.1536,173.7352,99.3698,94.8163,92.4714
2022-07-28,384.9216,176.1222,100.1608,95.6023,92.4966
2022-07-29,390.5333,177.3726,99.8887,95.828,92.505
2022-08-01,389.3768,177.3063,102.2943,96.0175,92.4891
2022-08-02,386.8079,177.1358,100.1298,94.8441,92.4806
2022-08-03,392.8652,179.7407,101.7063,95.875,92.5059
2022-08-04,392.5998,179.3618,101.6722,96.0259,92.5143
2022-08-05,391.9361,180.7353,99.2521,94.7267,92.4975
2022-08-08,391.4812,182.6488,100.8541,95.1039,92.4975
2022-08-09,389.9266,180.1575,100.4622,94.6764,92.4975
2022-08-10,398.1166,185.3011,99.806,95.5733,92.5227
2022-08-11,398.1166,185.9926,97.4796,94.6513,92.5395
2022-08-12,404.8564,189.791,98.4681,95.7492,92.5479
2022-08-15,406.5247,190.4636,98.3829,95.6822,92.5479
2022-08-16,407.3209,190.3878,98.7919,95.3134,92.5563
2022-08-17,404.4297,187.1861,97.7608,94.4166,92.5563
2022-08-18,405.6052,188.427,97.9057,94.6597,92.5815
2022-08-19,400.1546,184.3822,96.3292,93.5366,92.59
2022-08-22,391.8224,180.5838,96.0053,92.908,92.59
2022-08-23,390.8745,180.8774,95.477,93.0086,92.5984
2022-08-24,392.1258,182.2604,94.7782,92.732,92.59
2022-08-25,397.6617,185.0927,96.099,93.6874,92.6068
2022-08-26,384.2011,179.0113,96.8234,93.1259,92.6152
2022-08-29,381.6607,177.3631,96.0224,92.4386,92.6068
2022-08-30,377.4709,174.8813,96.261,92.556,92.6236
2022-08-31,374.5987,173.8204,95.3406,91.5837,92.6236
2022-09-01,375.7741,171.9259,93.5951,91.0323,92.6245
2022-09-02,371.8118,170.5903,94.1246,91.0996,92.6245
2022-09-06,370.409,168.9042,91.7932,89.8641,92.6329
2022-09-07,377.0634,172.5795,93.245,91.0912,92.6329
2022-09-08,379.528,174.0193,92.2885,90.8811,92.6329
2022-09-09,385.424,177.5147,92.4935,91.0912,92.6329
2022-09-12,389.5664,179.6649,91.7335,90.8895,92.6329
2022-09-13,372.6271,172.6363,91.947,90.2339,92.5823
2022-09-14,374.049,173.3089,92.2629,90.6626,92.5823
2022-09-15,369.8023,172.049,92.2031,90.2255,92.5907
2022-09-16,366.9811,169.5483,91.4346,90.0154,92.6076
2022-09-19,369.827,170.9976,91.648,90.1667,92.5907
2022-09-20,365.5819,168.6673,90.7343,89.2673,92.6076
2022-09-21,359.2047,166.0909,92.2544,89.6035,92.6076
2022-09-22,356.1875,162.3492,89.8974,88.3428,92.6245
2022-09-23,350.2196,158.4844,90.2646,88.0907,92.6329
2022-09-26,346.7551,156.3145,88.5396,86.561,92.6329
2022-09-27,345.8699,156.8477,86.2083,85.2582,92.6245
2022-09-28,352.6753,161.8084,89.0947,86.9728,92.6581
2022-09-29,345.3083,158.1807,88.6336,86.3257,92.6834
2022-09-30,339.9686,157.0286,87.4892,86.1071,92.6497
2022-10-03,348.9443,161.1895,88.8794,87.7001,92.6759
2022-10-04,359.7568,167.5784,88.6312,88.1049,92.7012
2022-10-05,358.9193,166.3406,87.7837,87.4387,92.7096
2022-10-06,355.2167,165.4075,87.2958,87.2363,92.7181
2022-10-07,345.3083,160.542,86.4483,86.3677,92.7265
2022-10-10,342.6718,159.647,85.1044,85.5919,92.7349
2022-10-11,340.5016,159.6946,85.481,85.4148,92.7349
2022-10-12,339.3785,159.2566,85.9005,85.3137,92.7434
2022-10-13,348.3351,163.1985,85.0787,85.4654,92.7434
2022-10-14,340.3969,158.8281,84.3768,84.6474,92.7434
2022-10-17,349.1441,163.8936,83.9659,85.0522,92.7349
2022-10-18,353.2464,165.836,84.1628,85.5582,92.7518
2022-10-19,350.7432,163.0176,82.6305,84.386,92.7434
2022-10-20,347.802,160.9419,81.2181,83.6524,92.7603
2022-10-21,356.2542,164.4363,79.7544,83.8885,92.7771
2022-10-24,360.6135,165.1409,79.0952,83.8463,92.7771
2022-10-25,366.372,169.6446,81.3979,84.9679,92.794
2022-10-26,363.6116,170.4825,82.5706,85.3558,92.8025
2022-10-27,361.67,170.5205,83.4352,85.7521,92.8193
2022-10-28,370.2744,174.3958,82.8616,85.9292,92.8109
2022-10-31,367.5998,174.5577,82.271,85.4654,92.794
2022-11-01,365.9912,174.7957,83.0399,86.0803,92.8211
2022-11-02,356.8062,168.9971,82.6794,85.6659,92.8211
2022-11-03,353.1323,167.864,82.2333,85.3614,92.8633
2022-11-04,358.2149,170.1301,80.8517,85.5305,92.8718
2022-11-07,361.6415,170.9014,80.045,85.2176,92.8803
2022-11-08,363.5926,170.9681,80.9203,85.5729,92.8887
2022-11-09,356.1019,166.274,81.1863,85.3529,92.9226
2022-11-10,375.6711,176.5096,84.3099,88.2118,92.9648
2022-11-11,379.3071,177.9568,84.001,88.4487,92.9564
2022-11-14,376.0804,175.9668,83.795,88.0004,92.9479
2022-11-15,379.2881,178.5757,85.1508,89.2268,92.9733
2022-11-16,376.3945,175.4337,87.0129,89.9881,92.9818
2022-11-17,375.2428,173.8055,86.0947,89.5059,92.9902
2022-11-18,376.9466,174.929,85.5027,89.4975,92.9987
2022-11-21,375.5759,174.0149,85.8631,89.3622,92.9987
2022-11-22,380.6301,175.8716,87.0816,90.1572,93.024
2022-11-23,383.0287,176.3287,88.6004,91.0623,93.0578
2022-11-25,382.943,176.7,88.3001,91.1553,93.0663
2022-11-28,376.8324,173.1389,88.549,90.4956,93.0748
2022-11-29,376.1851,173.6436,87.5107,90.0473,93.1001
2022-11-30,388.0352,178.4044,88.1542,91.1469,93.1086
2022-12-01,387.7497,178.014,90.9704,92.2873,93.1595
2022-12-02,387.3023,179.0518,92.1144,92.8474,93.151
2022-12-05,380.335,174.1197,90.8242,92.0582,93.1595
2022-12-06,374.8525,171.4536,91.994,92.3382,93.1764
2022-12-07,374.2149,170.949,94.1616,93.3649,93.2103
2022-12-08,377.1465,172.1868,93.9035,93.068,93.2443
2022-12-09,374.3291,170.073,91.4607,92.3722,93.2443
2022-12-12,379.726,172.0726,91.7532,92.2534,93.2443
2022-12-13,382.6004,173.4978,92.6391,93.0595,93.2782
2022-12-14,380.1542,172.3595,93.0348,93.1443,93.2697
2022-12-15,370.855,168.0455,93.3978,93.2226,93.3148
2022-12-16,366.4765,166.7924,92.3545,92.8226,93.3318
2022-12-19,363.369,164.535,90.8024,91.8864,93.3403
2022-12-20,363.8662,165.4055,89.1901,90.8055,93.3573
2022-12-21,369.3069,168.2559,89.4142,91.4268,93.3743
2022-12-22,364.0384,166.0559,89.397,91.4012,93.4168
2022-12-23,366.1324,166.8116,88.0864,91.1204,93.4083
2022-12-27,364.6886,165.6924,86.3447,89.9459,93.4083
2022-12-28,360.1562,163.1193,85.8359,89.665,93.4253
2022-12-29,366.6392,167.2516,86.8103,90.3033,93.4763
2022-12-30,365.6734,166.7829,85.8446,89.7331,93.4678
2023-01-03,364.1341,165.8646,87.4828,90.3544,93.4848
2023-01-04,366.9451,167.9307,88.6813,91.0097,93.4933
2023-01-05,362.757,166.1324,89.0521,90.9417,93.5104
2023-01-06,371.0759,169.863,90.6904,92.4311,93.5274
2023-01-09,370.8655,170.1499,91.1732,92.7971,93.5359
2023-01-10,373.4663,172.6656,89.6643,92.4822,93.5274
2023-01-11,378.1898,174.8178,91.1215,93.2737,93.5529
2023-01-12,379.5668,177.7544,92.9149,94.3291,93.6039
2023-01-13,381.0393,178.9214,92.0441,94.0227,93.6039
2023-01-17,380.3412,178.7014,91.4492,93.6822,93.6294
2023-01-18,374.3365,175.8126,93.6651,94.7802,93.6379
2023-01-19,371.6113,174.1291,93.0788,94.5844,93.6634
2023-01-20,378.5341,176.9987,91.5698,94.0908,93.6804
2023-01-23,383.0759,179.1892,91.1387,93.8184,93.6804
2023-01-24,382.6648,178.8066,92.4493,94.3121,93.6889
2023-01-25,382.8082,179.304,92.6735,94.3546,93.723
2023-01-26,387.0155,180.3658,92.2424,94.3206,93.7484
2023-01-27,387.9047,181.3415,92.0096,94.0482,93.7569
2023-01-30,383.0377,178.8162,91.6733,93.6907,93.7655
2023-01-31,388.6697,183.1589,92.4062,94.3631,93.774
2023-02-01,392.8003,186.0381,93.517,95.321,93.7995
2023-02-02,398.5183,189.7017,93.6381,95.4576,93.8337
2023-02-03,394.2824,188.4295,92.2376,94.3734,93.8166
2023-02-06,391.8729,185.7033,91.5547,93.6477,93.8166
2023-02-07,396.998,187.0807,90.8199,93.3404,93.8251
2023-02-08,392.6569,184.345,91.2521,93.4342,93.8422
2023-02-09,389.253,181.6763,90.3877,92.6488,93.8763
2023-02-10,390.1613,182.0397,89.3763,92.0,93.8763
2023-02-13,394.7414,184.2302,90.1284,92.3415,93.9019
2023-02-14,394.5597,184.1441,89.9209,92.111,93.9019
2023-02-15,395.841,186.0094,89.0824,91.7609,93.9105
2023-02-16,390.3908,184.2302,87.8203,91.0267,93.9531
2023-02-17,389.4155,184.7372,88.5032,91.3853,93.9617
2023-02-21,381.6034,179.2849,86.7829,90.0876,93.9617
2023-02-22,381.0775,179.7728,87.5782,90.3437,93.9873
2023-02-23,383.1047,181.0545,88.434,91.0523,94.0213
2023-02-24,379.0122,179.3614,87.2843,90.3693,94.0299
2023-02-27,380.303,179.9928,87.5263,90.3949,94.0469
2023-02-28,378.8974,180.0023,87.924,90.4291,94.0469
2023-03-01,377.444,180.2319,86.9794,89.8653,94.0641
2023-03-02,380.3795,180.6623,86.2081,89.9424,94.1069
2023-03-03,386.4799,183.178,88.2966,90.962,94.1154
2023-03-06,386.7477,180.4997,87.612,90.7135,94.124
2023-03-07,380.8193,178.4049,88.1493,90.4565,94.1069
2023-03-08,381.4409,178.491,88.236,90.3108,94.1154
2023-03-09,374.4034,173.5265,88.4526,90.2252,94.1667
2023-03-10,369.001,168.5238,91.503,91.5189,94.2095
2023-03-13,368.475,165.7785,91.711,91.596,94.3207
2023-03-14,374.5659,168.849,90.2031,91.3218,94.2694
2023-03-15,372.2232,166.0655,91.9449,92.1957,94.3635
2023-03-16,378.754,168.3324,91.2257,92.0586,94.3549
2023-03-17,374.3253,163.7889,92.5949,92.5213,94.4234
2023-03-20,377.9247,165.9124,91.7803,92.2471,94.4062
2023-03-21,382.8871,168.9733,90.9917,92.6926,94.3806
2023-03-22,376.3602,164.1811,92.2049,93.2324,94.4148
2023-03-23,377.3777,163.4524,92.2049,93.4979,94.4747
2023-03-24,379.854,164.9309,92.5949,93.7893,94.4832
2023-03-27,380.5643,166.7646,90.4198,92.6669,94.4832
2023-03-28,379.71,166.5246,90.5844,92.5127,94.4918
2023-03-29,385.2291,168.4159,90.4025,92.9411,94.5004
2023-03-30,387.4846,168.1855,90.8184,93.0696,94.5174
2023-03-31,392.9461,171.2769,92.1789,93.9092,94.526
2023-04-03,394.4435,171.3538,92.6125,94.4764,94.5183
2023-04-04,392.2551,168.3487,93.0729,94.5967,94.5526
2023-04-05,391.2281,166.6974,94.046,94.9061,94.6041
2023-04-06,392.7542,166.9471,94.2892,94.8202,94.6041
2023-04-10,393.1572,168.7328,92.7689,94.3819,94.5956
2023-04-11,393.2628,170.0673,92.96,94.3561,94.6127
2023-04-12,391.6599,168.8192,92.8644,94.1584,94.6213
2023-04-13,396.8622,171.0562,92.1347,94.3217,94.6728
2023-04-14,395.8928,169.4624,91.2919,94.0123,94.6557
2023-04-17,397.3134,171.6418,90.2059,93.4193,94.6642
2023-04-18,397.5725,170.9122,90.5274,93.7287,94.6814
2023-04-19,397.5053,171.133,90.4405,93.2646,94.69
2023-04-20,395.3361,170.2497,91.2137,93.617,94.7415
2023-04-21,395.6433,170.4705,90.7012,93.6772,94.7501
2023-04-24,396.0559,170.3553,91.5786,94.0897,94.7587
2023-04-25,389.7691,166.1502,92.9252,94.5022,94.7844
2023-04-26,388.1181,164.5469,91.9348,94.0897,94.793
2023-04-27,395.8448,166.7454,91.0226,93.7459,94.8102
2023-04-28,399.2234,168.2047,92.4909,94.4764,94.8188
2023-05-01,398.8204,168.3007,89.8239,92.9518,94.8084
2023-05-02,394.3379,164.8445,92.0623,94.0729,94.8343
2023-05-03,391.6311,165.4493,92.5762,94.2281,94.8515
2023-05-04,388.8572,163.5964,91.6616,93.9694,94.9032
2023-05-05,396.0559,167.4846,91.3568,93.5986,94.8946
2023-05-08,396.1616,167.1007,90.0765,92.9259,94.9032
2023-05-09,394.4243,166.6014,89.7542,92.8914,94.9032
2023-05-10,396.2672,167.4463,90.6252,93.6245,94.9377
2023-05-11,395.576,166.1598,91.5833,93.9866,94.9721
2023-05-12,395.0578,165.8238,90.8168,93.4088,94.9721
2023-05-15,396.4207,167.8495,89.8762,92.9087,94.9807
2023-05-16,393.7715,165.4013,89.6061,92.443,94.9807
2023-05-17,398.5515,169.088,89.3449,92.4344,94.998
2023-05-18,402.3909,170.1153,88.6829,92.0463,95.0238
2023-05-19,401.8054,169.0784,88.0558,91.9342,95.0238
2023-05-22,401.9685,171.1425,87.7423,91.8997,95.0238
2023-05-23,397.4573,170.3361,87.9949,92.0895,95.0411
2023-05-24,394.5778,168.5311,87.5594,91.7273,95.0411
2023-05-25,397.9949,167.2159,87.3416,91.4255,95.0841
2023-05-26,403.1491,169.1168,88.0471,91.8135,95.1014
2023-05-30,403.3027,168.4928,88.9268,92.5034,95.11
2023-05-31,401.0663,166.8318,89.702,92.8052,95.1272
2023-06-01,404.8768,168.6368,90.0539,93.0898,95.1895
2023-06-02,410.7318,174.7524,89.0671,92.839,95.1982
2023-06-05,409.9448,172.4099,88.9012,92.64,95.1982
2023-06-06,410.8375,176.951,89.4251,92.8217,95.2155
2023-06-07,409.4168,180.2618,88.0977,91.9911,95.2328
2023-06-08,411.8933,179.5879,89.1282,92.6054,95.2934
2023-06-09,412.6322,178.1342,89.006,92.3631,95.2934
2023-06-12,416.3756,178.8755,89.2679,92.6573,95.3107
2023-06-13,419.1208,180.9261,88.3859,92.242,95.328
2023-06-14,419.6199,178.9814,89.0933,92.5275,95.3366
2023-06-15,424.8222,180.4544,89.9491,93.3321,95.4058
2023-06-16,423.3751,179.0103,89.5998,93.1677,95.4145
2023-06-20,421.1786,178.2305,90.2198,93.5051,95.4145
2023-06-21,419.0206,177.8165,90.4382,93.4013,95.4232
2023-06-22,420.5332,176.4975,89.3465,92.9168,95.4578
2023-06-23,417.3539,173.8404,90.2373,93.1764,95.4664
2023-06-26,415.6487,174.0137,90.3334,93.2802,95.4838
2023-06-27,420.2056,176.5264,90.0976,93.1764,95.5011
2023-06-28,420.4174,177.3929,90.4818,93.583,95.5097
2023-06-29,422.0745,179.4339,88.8488,92.8735,95.527
2023-06-30,427.0553,180.2907,89.8967,93.557,95.5789
2023-07-03,427.5467,180.6566,89.3871,93.2949,95.572
2023-07-05,426.9109,178.8563,88.5377,92.6266,95.5893
2023-07-06,423.5678,175.9681,87.2855,91.6892,95.6415
2023-07-07,422.4984,177.8261,86.7601,91.6024,95.6415
2023-07-10,423.5678,180.8683,86.8739,92.0798,95.6588
2023-07-11,426.2653,182.7264,87.3205,92.5138,95.6588
2023-07-12,429.695,184.7192,88.2925,93.3296,95.6849
2023-07-13,433.1055,186.2115,89.2207,93.9893,95.737
2023-07-14,432.8357,184.3919,88.6953,93.2602,95.7457
2023-07-17,434.3386,186.3656,88.7391,93.4164,95.7544
2023-07-18,437.566,188.6665,89.1419,93.6507,95.7631
2023-07-19,438.5391,189.4656,90.1489,94.1802,95.7805
2023-07-20,435.6296,187.8096,89.0544,93.5466,95.8239
2023-07-21,435.6296,187.2127,89.0806,93.7115,95.8326
2023-07-24,437.5757,187.6749,88.7566,93.5987,95.8413
2023-07-25,438.7703,187.6556,88.5903,93.4511,95.85
2023-07-26,438.8377,189.1382,88.6778,93.8851,95.8673
2023-07-27,435.9282,186.6929,86.9528,92.7394,95.9021
2023-07-28,440.1961,189.1093,87.3993,93.347,95.9282
2023-07-31,441.0342,191.3044,87.6095,93.6074,95.9455
2023-08-01,439.7722,190.4283,86.1739,92.6746,95.9604
2023-08-02,433.6546,187.8385,85.2519,92.1085,95.9779
2023-08-03,432.4118,187.309,83.285,91.2811,96.0127
2023-08-04,430.4561,186.9335,84.7602,92.2304,96.0389
2023-08-07,434.2134,187.0587,83.926,92.004,96.0389
2023-08-08,432.3251,185.8842,84.9007,92.3698,96.0563
2023-08-09,429.4349,184.4305,85.3397,92.4569,96.065
2023-08-10,429.5891,183.6122,83.9348,91.8037,96.1087
2023-08-11,429.3386,183.8721,83.7416,91.4902,96.1261
2023-08-14,431.7085,183.5544,83.5572,91.4553,96.1436
2023-08-15,426.6796,181.1283,83.0479,90.9763,96.161
2023-08-16,423.5486,178.914,82.3981,90.567,96.1698
2023-08-17,420.3212,176.8056,82.0469,90.3231,96.2134
2023-08-18,420.5235,177.7684,82.3367,90.6628,96.2221
2023-08-21,423.2596,177.5084,81.2391,90.1228,96.2309
2023-08-22,422.1131,176.9789,81.8625,90.4015,96.2483
2023-08-23,426.8145,178.8659,83.8909,91.673,96.2657
2023-08-24,420.8992,176.3917,83.3377,91.3595,96.3093
2023-08-25,423.8664,177.1426,83.6099,91.4117,96.3093
2023-08-28,426.5544,178.7215,83.6977,91.6992,96.3181
2023-08-29,432.7201,181.2149,84.567,92.4307,96.3442
2023-08-30,434.5024,181.8985,84.4792,92.3001,96.353
2023-08-31,433.8665,181.5808,84.8568,92.4569,96.4053
2023-09-01,434.6758,183.7373,83.5348,91.7987,96.4325
2023-09-05,432.7971,179.8671,82.3635,91.1432,96.4325
2023-09-06,429.8877,179.1932,82.5661,91.0558,96.45
2023-09-07,428.5678,177.4603,82.795,91.4579,96.5026
2023-09-08,429.2133,177.0656,83.1121,91.5278,96.5113
2023-09-11,432.0361,177.4892,82.5132,91.353,96.5288
2023-09-12,429.6661,177.3159,82.9888,91.3268,96.5376
2023-09-13,430.1671,176.151,82.9712,91.5278,96.5551
2023-09-14,433.8761,178.6348,82.3723,91.3617,96.5989
2023-09-15,428.6487,176.7671,81.8703,91.2219,96.6077
2023-09-18,428.9001,175.5926,82.3371,91.3967,96.6252
2023-09-19,428.0106,174.9091,81.7294,91.0908,96.6252
2023-09-20,424.0758,173.1569,81.9848,91.1257,96.6428
2023-09-21,417.0665,170.4708,79.8799,90.208,96.6865
2023-09-22,416.1287,170.0858,80.5228,90.7586,96.7041
2023-09-25,417.8786,170.8463,78.5412,89.8759,96.7128
2023-09-26,411.7395,168.6497,78.2682,89.6224,96.7216
2023-09-27,411.9038,170.2263,77.8631,89.2029,96.7391
2023-09-28,414.2917,171.7643,78.1008,89.3602,96.7829
2023-09-29,413.2863,170.9518,78.1097,89.1679,96.7829
2023-10-02,413.1219,168.3692,76.8021,88.351,96.8049
2023-10-03,407.5919,165.5351,75.15,87.3332,96.8137
2023-10-04,410.56,165.6125,76.2102,88.0965,96.8489
2023-10-05,410.4053,165.7383,75.8303,87.9913,96.9017
2023-10-06,415.2779,167.3342,74.9114,87.728,96.9105
2023-10-09,417.9366,168.3015,76.6696,88.8161,96.9193
2023-10-10,420.1119,170.207,76.5635,88.8512,96.9281
2023-10-11,421.8328,169.9168,78.1627,89.3952,96.9369
2023-10-12,419.2611,166.0768,76.0423,88.4651,96.9897
2023-10-13,417.1728,164.6936,77.4029,88.9564,97.0073
2023-10-16,421.562,167.3536,76.1572,88.3422,97.0161
2023-10-17,421.5427,169.2204,75.3178,87.6403,97.0249
2023-10-18,415.9257,165.7383,74.6552,86.9383,97.0337
2023-10-19,412.2711,163.0977,73.1268,86.2363,97.0777
2023-10-20,407.2052,160.9891,73.542,86.5786,97.104
2023-10-23,406.4995,159.6252,74.4255,87.2542,97.1216
2023-10-24,409.5642,161.0181,75.4062,87.7456,97.1304
2023-10-25,403.686,158.3581,73.7276,86.9471,97.1304
2023-10-26,398.8521,158.7644,74.8584,87.5788,97.192
2023-10-27,397.0441,156.8976,74.5404,87.4034,97.2096
2023-10-30,401.7911,157.7681,74.2046,87.1401,97.2184
2023-10-31,404.3145,159.132,73.8424,87.0173,97.2184
2023-11-01,408.6263,160.0412,75.4435,88.2626,97.252
2023-11-02,416.4574,164.3068,77.1633,89.3106,97.2962
2023-11-03,420.257,168.7754,77.6864,89.7509,97.3227
2023-11-06,421.2237,166.6668,76.9328,89.2754,97.3138
2023-11-07,422.4225,166.0768,78.0676,89.9887,97.3403
2023-11-08,422.7319,164.3068,79.3974,90.4467,97.3492
2023-11-09,419.4352,161.7629,77.5711,89.5308,97.3845
2023-11-10,425.9803,163.5717,78.0055,89.9799,97.411
2023-11-13,425.5743,163.6297,77.8282,89.9887,97.4199
2023-11-14,433.8307,172.6154,79.5924,91.3978,97.4552
2023-11-15,434.7492,172.9153,78.4754,90.9223,97.464
2023-11-16,435.281,170.1199,79.4506,91.6708,97.5171
2023-11-17,435.8224,172.451,79.8229,91.9351,97.5259
2023-11-20,439.1772,173.4569,80.3105,92.3049,97.5347
2023-11-21,438.22,171.2226,80.275,92.3314,97.5701
2023-11-22,439.9119,172.2962,80.5587,92.7012,97.6054
2023-11-24,440.1826,173.4569,79.6101,92.2257,97.6143
2023-11-27,439.3898,172.8766,80.9399,92.9743,97.6319
2023-11-28,439.8249,172.2092,81.0995,93.3441,97.6584
2023-11-29,439.5154,173.1184,82.119,94.1015,97.6761
2023-11-30,441.2461,173.7762,81.1704,93.6084,97.7114
2023-12-01,443.8564,178.8542,82.6992,94.7354,97.7425
2023-12-04,441.5265,180.7693,82.3701,94.3023,97.7514
2023-12-05,441.4395,178.3512,84.1399,95.0536,97.7691
2023-12-06,439.6606,178.032,85.2605,95.4072,97.7869
2023-12-07,443.0153,179.3185,84.7713,95.4161,97.8312
2023-12-08,444.9199,180.6823,84.0777,94.9034,97.8312
2023-12-11,446.6504,181.0595,83.8998,94.8769,97.8312
2023-12-12,448.6904,180.8757,84.1488,95.4161,97.8579
2023-12-13,454.8779,186.9984,86.1231,97.0161,97.8934
2023-12-14,456.3378,192.2022,88.3634,98.0478,97.9415
2023-12-15,455.5865,190.5869,88.4616,97.9059,97.9504
2023-12-18,458.1491,190.6546,87.7568,97.4978,97.9683
2023-12-19,460.9351,194.3495,88.2296,97.622,97.9683
2023-12-20,454.5478,190.5479,88.8274,97.8793,97.995
2023-12-21,458.8578,193.7903,88.2653,97.8438,98.0574
2023-12-22,459.7799,195.596,87.8638,97.6752,98.0753
2023-12-26,461.7214,198.1395,88.1136,97.8793,98.0931
2023-12-27,462.5562,198.8385,89.675,98.7931,98.0931
2023-12-28,462.7309,198.0813,89.0237,98.5358,98.1555
2023-12-29,461.3913,194.8485,88.2207,98.172,98.1822
2024-01-02,458.8092,193.6933,87.7121,97.5067,98.1733
2024-01-03,455.0622,188.5286,88.0779,97.2849,98.1822
2024-01-04,453.5965,188.1597,86.7397,96.7437,98.2268
2024-01-05,454.2177,187.6064,85.9099,96.3977,98.2357
2024-01-08,460.7021,190.9848,86.7575,97.1341,98.2535
2024-01-09,460.0031,189.2762,86.2043,97.3026,98.2625
2024-01-10,462.6047,189.3829,85.8028,97.1784,98.2803
2024-01-11,462.4009,187.8976,86.2846,97.764,98.3427
2024-01-12,462.7213,187.587,86.1151,97.9769,98.3694
2024-01-16,461.0225,185.2668,84.5984,96.9832,98.3694
2024-01-17,458.4598,183.9465,84.4645,96.7792,98.3873
2024-01-18,462.5367,185.0338,83.6794,96.5929,98.414
2024-01-19,468.3029,186.8103,83.947,96.6905,98.4407
2024-01-22,469.293,190.8003,84.4467,96.9566,98.4586
2024-01-23,470.6617,190.2469,83.7775,96.6018,98.4586
2024-01-24,471.1761,188.684,83.2868,96.4155,98.4675
2024-01-25,473.7388,190.2469,83.8311,97.0542,98.521
2024-01-26,473.137,190.2567,83.6705,96.7792,98.5299
2024-01-29,476.8839,193.5865,84.6341,97.1784,98.5388
2024-01-30,476.5151,191.9361,85.4014,97.4889,98.5477
2024-01-31,468.7397,187.2472,86.24,97.7373,98.5745
2024-02-01,474.8746,189.7324,87.9317,98.4932,98.6399
2024-02-02,479.8737,188.7325,85.9894,97.594,98.613
2024-02-05,478.1265,186.3346,84.253,96.6592,98.6219
2024-02-06,479.5146,188.0141,85.0764,97.2022,98.6488
2024-02-07,483.5139,187.5773,84.6647,96.9174,98.6667
2024-02-08,483.7275,190.4217,84.1724,96.4188,98.7115
2024-02-09,486.5232,193.5185,84.0023,96.2941,98.7204
2024-02-12,486.3096,197.0328,84.1008,96.3031,98.7294
2024-02-13,479.6116,188.9267,82.6597,95.2436,98.7115
2024-02-14,483.9702,193.3146,83.0804,95.6888,98.7473
2024-02-15,487.3094,198.4695,83.5101,96.036,98.801
2024-02-16,484.8827,195.7708,83.0267,95.6888,98.801
2024-02-20,482.2132,193.0719,83.0983,96.0092,98.8189
2024-02-21,482.65,192.1594,82.5076,95.7689,98.8278
2024-02-22,492.6387,193.6156,82.9103,95.9202,98.8637
2024-02-23,492.9784,194.0525,84.0202,96.2051,98.8816
2024-02-26,491.1729,195.2757,83.7696,95.9024,98.8816
2024-02-27,492.0854,198.0424,83.1789,95.7689,98.8995
2024-02-28,491.435,196.4115,83.707,95.76,98.9084
2024-02-29,493.2017,197.7803,84.2977,95.849,98.9622
2024-03-01,497.832,199.8772,84.823,96.4325,98.9873
2024-03-04,497.2981,199.6928,84.4818,96.2538,98.9963
2024-03-05,492.328,197.7803,85.6849,96.781,99.0143
2024-03-06,494.8228,199.256,86.1878,97.0401,99.0323
2024-03-07,499.7346,200.916,86.107,97.2814,99.0682
2024-03-08,496.7351,200.7898,85.9543,97.4154,99.0772
2024-03-11,496.308,199.1977,85.9094,97.4333,99.0862
2024-03-12,501.6469,198.9259,85.1911,97.1206,99.1042
2024-03-13,500.8606,199.7025,84.7781,97.0222,99.1132
2024-03-14,499.8705,196.1299,83.4762,96.3074,99.1581
2024-03-15,496.4381,196.4988,83.4492,96.3342,99.1761
2024-03-18,499.3885,195.3727,83.1978,96.1734,99.1851
2024-03-19,502.1637,196.1979,83.4312,96.4504,99.1941
2024-03-20,506.8083,200.0811,83.4043,96.6291,99.2211
2024-03-21,508.4832,202.3799,83.5839,96.7721,99.257
2024-03-22,507.5193,199.5867,84.383,97.1027,99.284
2024-03-25,506.117,200.0441,83.961,96.7721,99.284
2024-03-26,505.1823,199.684,84.1945,96.7452,99.302
2024-03-27,509.4276,204.0345,85.0295,97.4154,99.3649
2024-03-28,509.3303,204.6768,84.9577,97.326,99.3739
2024-04-01,508.4442,202.7498,83.374,96.3942,99.3848
2024-04-02,505.2115,199.0222,82.9145,96.2506,99.3937
2024-04-03,505.7665,200.3264,82.8965,96.3134,99.4028
2024-04-04,499.593,198.3215,83.4911,96.421,99.466
2024-04-05,504.8122,198.9833,82.329,95.9995,99.475
2024-04-08,505.0946,200.0733,82.3199,95.9905,99.4841
2024-04-09,505.6789,200.8616,83.0857,96.4838,99.4931
2024-04-10,500.6154,195.5574,81.275,95.1115,99.4841
2024-04-11,504.3936,196.881,80.9056,94.9142,99.5292
2024-04-12,497.4313,193.3773,81.338,95.1294,99.5382
2024-04-15,491.1995,190.5451,80.0769,94.08,99.5473
2024-04-16,490.3036,189.8444,79.5453,93.7661,99.5563
2024-04-17,487.4019,187.8394,80.4282,94.2774,99.5743
2024-04-18,486.3989,187.6837,80.0228,94.089,99.6195
2024-04-19,482.1535,187.9757,80.3111,94.1877,99.6376
2024-04-22,486.5937,190.0779,80.1759,94.4209,99.6466
2024-04-23,492.3679,193.2605,80.2029,94.5823,99.6646
2024-04-24,492.1342,192.3943,79.6354,94.2146,99.6827
2024-04-25,490.2646,191.2264,79.0769,93.9365,99.7098
2024-04-26,494.9094,193.0561,79.4913,94.2953,99.7279
2024-04-29,496.6621,194.6133,80.1579,94.6899,99.7369
2024-04-30,488.7943,190.6619,79.4733,94.1697,99.7459
2024-05-01,487.2071,191.0609,80.0591,94.5614,99.7767
2024-05-02,491.7642,194.5744,80.4026,95.1468,99.8221
2024-05-03,497.8598,196.5014,81.2162,95.8131,99.8402
2024-05-06,503.0011,199.0417,81.5326,96.0833,99.8493
2024-05-07,503.5561,199.4894,82.0298,96.1283,99.8584
2024-05-08,503.6048,198.3312,81.5326,95.8852,99.8765
2024-05-09,506.5065,200.3555,81.9303,96.0383,99.9128
2024-05-10,507.1589,198.847,81.4693,95.7321,99.9309
2024-05-13,507.2271,199.2655,81.6772,95.7681,99.949
2024-05-14,509.5543,201.3288,82.1383,96.0473,99.9581
2024-05-15,515.8641,203.8398,83.2593,96.9028,99.9853
2024-05-16,514.8027,202.3702,83.1779,96.7497,100.0125
2024-05-17,515.5428,202.5162,82.6174,96.5245,100.0306
2024-05-20,516.1368,202.9639,82.3733,96.4795,100.0488
2024-05-21,517.4025,202.7693,82.7982,96.6416,100.0578
2024-05-22,515.9128,201.0563,82.8976,96.4975,100.076
2024-05-23,512.1445,197.757,82.3643,96.0743,100.1303
2024-05-24,515.533,199.9468,82.6084,96.3354,100.1394
2024-05-28,515.8934,199.6743,81.4241,95.7591,100.1303
2024-05-29,512.2808,196.7253,80.4387,95.2458,100.1394
2024-05-30,508.8824,198.594,81.2162,95.8311,100.1666
2024-05-31,513.5173,200.268,81.7676,96.2544,100.2029
2024-06-03,513.9361,199.139,83.0902,96.9187,100.2229
2024-06-04,514.5106,196.5696,84.0608,97.2984,100.2411
2024-06-05,520.6257,199.577,84.6776,97.6238,100.2503
2024-06-06,520.6159,198.1463,84.5506,97.5605,100.2775
2024-06-07,519.9829,195.8202,82.9995,96.6837,100.3049
2024-06-10,521.5896,196.4917,82.4461,96.4849,100.3231
2024-06-11,522.8458,195.8203,83.2988,96.9007,100.3322
2024-06-12,527.1399,198.8263,83.9247,97.4973,100.3686
2024-06-13,528.2014,197.089,85.1584,97.9583,100.3778
2024-06-14,528.5226,193.9561,85.875,98.0396,100.4232
2024-06-17,532.7292,195.586,85.0223,97.5786,100.4324
2024-06-18,534.0827,195.9276,85.8024,98.0306,100.4597
2024-06-20,532.6318,195.098,85.2309,97.7052,100.4779
2024-06-21,531.9177,195.5372,85.2309,97.7323,100.5234
2024-06-24,530.1886,196.3863,85.5756,97.8317,100.5325
2024-06-25,532.2302,195.7422,85.7208,97.7956,100.5507
2024-06-26,532.8946,195.2249,84.4962,97.2622,100.5507
2024-06-27,533.7347,197.2061,84.8318,97.4521,100.5781
2024-06-28,531.6343,198.0162,83.2535,96.8284,100.6236
2024-07-01,532.7286,196.357,81.8166,96.2533,100.6382
2024-07-02,536.3137,197.0305,82.4536,96.8701,100.6565
2024-07-03,538.707,196.9817,83.5365,97.5867,100.684
2024-07-05,541.8135,196.0447,84.2281,98.0947,100.7205
2024-07-08,542.4387,197.4208,84.4101,98.0856,100.7479
2024-07-09,542.9662,196.562,84.037,97.9042,100.7479
2024-07-10,548.3389,198.4847,84.3008,98.14,100.7571
2024-07-11,543.6108,205.619,85.1199,98.6662,100.7845
2024-07-12,547.0397,208.02,85.4838,99.029,100.8394
2024-07-15,548.5441,211.9727,84.5011,98.4847,100.8577
2024-07-16,551.7971,219.2047,85.6931,99.0562,100.8669
2024-07-17,544.0602,216.9111,85.7113,99.1016,100.876
2024-07-18,539.8793,212.7144,85.0562,98.6752,100.8943
2024-07-19,536.2942,211.6311,84.5556,98.3124,100.9492
2024-07-22,541.8232,214.9982,84.31,98.258,100.9583
2024-07-23,540.9734,217.282,84.1917,98.1854,100.9766
2024-07-24,528.7135,212.6168,83.2817,97.5867,100.9857
2024-07-25,525.9587,215.2715,83.9642,97.9768,100.9949
2024-07-26,531.8494,218.8338,84.6193,98.521,101.0497
2024-07-29,532.1619,216.4036,85.0743,98.7297,101.068
2024-07-30,529.4656,217.2235,85.4019,98.8113,101.0772
2024-07-31,538.072,218.4824,86.2755,99.3828,101.0863
2024-08-01,530.4524,211.3773,87.0196,99.7123,101.112
2024-08-02,520.5762,203.9014,89.7313,100.6864,101.2039
2024-08-05,505.4151,197.3428,90.2061,100.4315,101.2039
2024-08-06,510.0748,199.4899,88.1883,99.7761,101.2039
2024-08-07,506.6655,197.1281,87.5674,99.3209,101.2223
2024-08-08,518.3782,201.9201,87.0288,99.3664,101.2315
2024-08-09,520.6641,201.5005,87.887,99.8762,101.2682
2024-08-12,520.9376,199.6851,88.2066,100.0856,101.2957
2024-08-13,529.5048,202.9742,88.8183,100.7866,101.3233
2024-08-14,531.1754,201.7151,89.3752,101.2326,101.3233
2024-08-15,540.2797,206.9464,88.6539,100.9231,101.3325
2024-08-16,541.4911,207.493,88.9644,101.2235,101.3784
2024-08-19,546.6685,210.0305,89.3752,101.4602,101.3876
2024-08-20,545.7795,207.5808,90.0874,101.7243,101.4152
2024-08-21,547.6552,210.2842,90.1421,101.9518,101.4335
2024-08-22,543.357,208.4299,89.2474,101.5331,101.4519
2024-08-23,549.1302,215.0861,89.8317,102.1157,101.4978
2024-08-26,547.8212,215.1544,89.6035,101.9883,101.507
2024-08-27,548.5734,213.4855,89.4482,101.9063,101.5254
2024-08-28,545.3887,212.041,89.3387,101.6969,101.5438
2024-08-29,545.4376,213.5538,89.0465,101.5239,101.5529
2024-08-30,550.6443,214.7933,88.097,101.2417,101.5897
2024-09-03,539.3127,208.2249,89.5378,101.5478,101.622
2024-09-04,538.2087,207.8736,90.692,102.1783,101.6497
2024-09-05,536.8997,206.839,91.2049,102.6808,101.6681
2024-09-06,527.8636,202.9059,91.1958,102.6351,101.7142
2024-09-09,533.7737,203.4719,91.5897,102.8636,101.7142
2024-09-10,536.0986,203.306,92.2309,103.1468,101.7511
2024-09-11,541.5985,203.9014,92.1576,103.1925,101.7419
2024-09-12,546.1605,206.5267,91.7271,103.1194,101.7603
2024-09-13,549.013,211.6213,91.9744,103.4392,101.8157
2024-09-16,549.8239,212.3826,92.8171,103.896,101.8526
2024-09-17,550.0484,214.1394,92.3683,103.9052,101.8618
2024-09-18,548.4171,214.1784,91.2232,103.4757,101.8987
2024-09-19,557.7755,218.5898,90.921,103.5671,101.9172
2024-09-20,556.8113,216.2475,90.5729,103.6585,101.9633
2024-09-23,558.2028,215.4569,90.3805,103.5123,101.9818
2024-09-24,559.7999,215.8181,90.3622,103.6859,101.991
2024-09-25,558.5652,213.1856,89.6111,103.0737,102.0094
2024-09-26,560.7798,214.3217,89.8218,103.0737,102.0186
2024-09-27,559.9665,215.771,90.289,103.4849,102.0555
2024-09-30,562.2104,216.3195,89.8584,103.229,102.0555
2024-10-01,557.1739,213.3815,90.5072,103.7251,102.0778
2024-10-02,557.4091,213.0878,89.7445,103.4959,102.0778
2024-10-03,556.39,211.6579,88.8991,102.8264,102.0778
2024-10-04,561.4462,214.6154,87.8055,102.2671,102.1148
2024-10-07,556.3704,212.931,87.1439,101.7444,102.1056
2024-10-08,561.6323,213.0779,87.2909,101.9461,102.1333
2024-10-09,565.5224,213.548,86.7947,101.7444,102.1426
2024-10-10,564.5327,212.3631,86.4547,101.6343,102.1519
2024-10-11,567.9133,216.6818,86.1054,101.616,102.1982
2024-10-14,572.5579,218.2781,86.1698,101.6251,102.2075
2024-10-15,568.1093,218.4544,87.2174,102.1204,102.2167
2024-10-16,570.5785,222.0484,87.585,102.4413,102.2352
2024-10-17,570.6275,221.4413,86.1973,101.6802,102.2352
2024-10-18,572.8224,220.9809,86.2617,101.561,102.2816
2024-10-21,571.8818,217.5044,84.7546,100.5247,102.2908
2024-10-22,571.5781,216.6818,84.8373,100.5155,102.2908
2024-10-23,566.3552,214.7036,84.6076,100.1762,102.2908
2024-10-24,567.5802,215.1737,85.1497,100.4789,102.3094
2024-10-25,567.384,214.3608,84.6719,100.2404,102.3464
2024-10-28,569.1382,217.857,84.4421,100.1579,102.3742
2024-10-29,570.0592,217.1519,84.5708,100.2771,102.3742
2024-10-30,568.3346,216.8581,84.8189,100.1487,102.402
2024-10-31,557.1935,213.2542,84.9568,99.947,102.4205
2024-11-01,559.5452,214.449,83.759,99.3994,102.4642
2024-11-04,558.34,215.536,85.0591,100.1356,102.4828
2024-11-05,565.0913,219.5903,85.5109,100.6142,102.4828
2024-11-06,579.1426,232.3116,83.1689,99.5651,102.4828
2024-11-07,583.6206,231.489,84.2108,100.743,102.5107
2024-11-08,586.1487,233.1929,85.2804,101.0927,102.5666
2024-11-11,586.7072,236.6989,84.8655,100.8995,102.5572
2024-11-12,584.8846,232.5466,83.593,99.9884,102.5666
2024-11-13,585.1688,230.2452,82.8001,99.6111,102.5852
2024-11-14,581.4061,227.1408,83.2795,99.5835,102.5945
2024-11-15,573.9591,223.7524,83.0583,99.6295,102.6131
2024-11-18,576.3109,224.1931,83.2058,99.8135,102.6317
2024-11-19,578.4175,225.8579,83.6299,100.0252,102.6503
2024-11-20,578.6134,226.1517,83.3625,99.7859,102.6689
2024-11-21,581.7197,229.5891,83.298,99.6663,102.6689
2024-11-22,583.5226,233.8295,83.3441,99.7583,102.7061
2024-11-25,585.5021,237.3844,85.5017,101.0007,102.7247
2024-11-26,588.5591,235.6412,85.1698,100.743,102.734
2024-11-27,586.7758,235.9644,85.7599,101.1111,102.7526
2024-11-29,590.421,236.8653,86.645,101.7369,102.7991
2024-12-02,591.4791,236.7478,86.8532,101.8967,102.814
2024-12-03,591.7535,235.0634,86.1038,101.5365,102.8421
2024-12-04,595.428,235.9056,87.029,102.026,102.8421
2024-12-05,594.4481,233.1538,87.2048,101.9983,102.8701
2024-12-06,595.575,233.9862,87.3344,102.2291,102.9168
2024-12-09,592.5081,232.811,86.5294,101.9706,102.9354
2024-12-10,590.666,231.8023,86.1223,101.8136,102.9354
2024-12-11,595.2321,232.8502,85.308,101.5365,102.9541
2024-12-12,592.1651,229.8241,84.2718,100.964,102.9634
2024-12-13,592.0475,228.2474,83.4113,100.4007,102.9915
2024-12-16,594.5756,229.5891,83.6611,100.5299,103.0195
2024-12-17,592.1258,226.9607,83.8647,100.5392,103.0195
2024-12-18,574.4785,216.9126,82.816,99.2927,103.0354
2024-12-19,574.302,215.95,81.562,98.7552,103.0635
2024-12-20,581.1999,217.9734,82.0265,99.1444,103.0916
2024-12-23,584.6803,217.4725,81.2741,98.8571,103.101
2024-12-24,591.1791,219.4173,81.6178,99.163,103.1291
2024-12-26,591.2184,221.6665,81.5713,99.2556,103.1479
2024-12-27,584.995,218.435,80.9026,98.8386,103.176
2024-12-30,578.3193,216.7554,81.5527,99.2649,103.2041
2024-12-31,576.2153,217.0305,81.1162,99.0146,103.2135
2025-01-02,574.7996,217.2073,81.3391,99.0239,103.2323
2025-01-03,581.9865,220.4387,81.079,98.7922,103.2604
2025-01-06,585.3391,220.5272,80.7168,98.542,103.2791
2025-01-07,578.7223,218.7592,79.8065,98.0879,103.2979
2025-01-08,579.5679,217.7672,79.9087,98.2455,103.2979
2025-01-10,570.7193,212.9739,79.3793,97.6801,103.326
2025-01-13,571.6043,213.3865,79.3514,97.4021,103.3447
2025-01-14,572.3907,215.8125,79.2213,97.5133,103.3541
2025-01-15,582.8026,220.0557,80.5868,98.681,103.3728
2025-01-16,581.6818,220.4977,80.8468,98.8756,103.3822
2025-01-17,587.5217,221.4505,80.9862,98.9591,103.4291
2025-01-21,592.8997,225.7034,81.7106,99.5336,103.4478
2025-01-22,596.2326,224.2301,81.2834,99.2185,103.4478
2025-01-23,599.4869,225.2516,80.6518,99.0795,103.4666
2025-01-24,597.7368,224.623,81.014,99.2742,103.5041
2025-01-27,589.2816,222.4719,81.9707,99.9599,103.5228
2025-01-28,594.3449,222.7175,81.915,99.8209,103.5322
2025-01-29,591.6804,222.2068,81.7478,99.6912,103.5416
2025-01-30,594.8561,224.4658,82.0543,99.9136,103.551
2025-01-31,591.6904,222.4523,81.5156,99.5893,103.5884
2025-02-03,587.7086,219.8494,82.1793,99.7465,103.6007
2025-02-04,591.6511,222.8943,82.431,99.9418,103.6101
2025-02-05,594.0499,225.3204,83.7919,100.6394,103.6195
2025-02-06,596.1146,224.5837,83.7547,100.4533,103.6383
2025-02-07,590.658,221.9808,83.214,100.0162,103.6665
2025-02-10,594.6693,222.9827,82.9623,100.0441,103.676
2025-02-11,595.1215,221.6862,82.431,99.8209,103.676
2025-02-12,593.2044,219.6432,81.3124,99.2814,103.676
2025-02-13,599.4672,222.1183,82.664,100.0534,103.7042
2025-02-14,599.4377,221.9514,83.1022,100.444,103.7512
2025-02-18,601.1976,223.1693,82.1234,100.0348,103.7512
2025-02-19,602.6133,222.4032,82.2259,100.0906,103.7794
2025-02-20,600.1063,220.2718,82.5335,100.3324,103.7888
2025-02-21,589.842,213.9267,83.5309,100.6859,103.8265
2025-02-24,587.158,212.3846,83.7733,100.9463,103.8453
2025-02-25,584.2379,211.5792,85.2181,101.7183,103.8641
2025-02-26,584.5329,211.8444,85.7215,101.9322,103.8641
2025-02-27,575.2026,208.6129,85.1156,101.5044,103.8735
2025-02-28,584.179,210.8327,86.1596,101.9508,103.9111
2025-03-03,573.9442,205.0671,86.5617,102.273,103.9281
2025-03-04,567.1505,202.7491,85.4957,101.9368,103.9376
2025-03-05,573.2462,204.7626,84.8131,101.6101,103.9564
2025-03-06,563.0703,201.6293,84.5326,101.2926,103.9659
2025-03-07,566.2262,202.2874,84.2614,101.1339,104.0131
2025-03-10,551.1445,197.1995,85.1404,101.4793,104.0225
2025-03-11,546.5629,197.1799,84.5326,100.8165,104.0414
2025-03-12,549.4633,197.5237,84.0276,100.5177,104.0414
2025-03-13,542.1387,194.577,84.7663,100.8351,104.0508
2025-03-14,553.3369,199.2818,84.3175,100.7884,104.098
2025-03-17,557.6039,201.7963,84.7383,100.9938,104.098
2025-03-18,551.577,200.0441,84.8224,101.2366,104.1075
2025-03-19,557.5842,203.1548,85.262,101.8341,104.1169
2025-03-20,555.9719,201.8652,85.3181,101.6847,104.1358
2025-03-21,556.1553,200.615,84.8131,101.5447,104.1735
2025-03-24,566.1152,205.606,83.9435,101.1059,104.183
2025-03-25,567.476,204.4641,83.9341,101.2086,104.1924
2025-03-26,560.7013,202.387,83.3824,100.7978,104.2019
2025-03-27,559.2123,201.4222,83.1393,100.6764,104.2207
2025-03-28,547.9506,197.327,84.2895,101.2833,104.249
2025-03-31,551.629,196.382,85.1217,101.4793,104.2585
2025-04-01,553.1871,196.4017,85.8593,101.8421,104.2812
2025-04-02,556.6877,199.5026,85.803,102.0764,104.2907
2025-04-03,529.2538,186.6953,86.1972,102.067,104.3002
2025-04-04,498.2697,178.3671,87.1356,101.9545,104.3475
2025-04-07,497.3822,176.7527,84.5079,99.9676,104.357
2025-04-08,489.5918,172.0963,82.9126,98.7023,104.3759
2025-04-09,541.0084,186.7248,83.4006,100.3518,104.3759
2025-04-10,517.3019,178.879,81.1013,98.646,104.3759
2025-04-11,526.532,181.4877,81.5424,98.6273,104.4233
2025-04-14,531.6402,183.6239,82.1243,99.2365,104.4328
2025-04-15,530.1511,183.8503,82.4152,99.7707,104.4422
2025-04-16,518.3669,182.0882,82.875,100.1925,104.4612
2025-04-17,519.1065,183.5747,82.143,100.0519,104.5085
2025-04-21,506.7504,179.893,80.7072,98.9741,104.518
2025-04-22,519.9349,184.5493,81.1577,99.2177,104.5275
2025-04-23,527.9915,187.2859,81.9459,99.6583,104.5369
2025-04-24,539.1052,191.0366,82.8093,100.6799,104.5464
2025-04-25,543.0004,191.0956,83.4193,101.2141,104.5843
2025-04-28,543.2074,191.9029,83.9448,101.4484,104.5938
2025-04-29,546.6293,193.035,84.6487,101.6827,104.5938
2025-04-30,546.8463,191.8241,83.9636,101.2048,104.6222
2025-05-01,550.7217,193.0153,83.5379,100.849,104.6336
2025-05-02,558.8967,197.3566,82.6337,100.6044,104.6526
2025-05-05,555.6918,195.8406,82.1721,100.4632,104.6621
2025-05-06,551.0471,193.7044,82.4453,100.6608,104.6716
2025-05-07,553.3646,194.3442,82.7938,100.8678,104.6906
2025-05-08,557.2203,198.0457,81.8707,100.3597,104.7001
2025-05-09,556.5103,197.6814,81.9932,100.322,104.7286
2025-05-12,574.9016,204.6314,81.2302,100.3032,104.7382
2025-05-13,578.6982,205.3796,80.9005,100.3879,104.7477
2025-05-14,579.4377,203.5584,80.3637,99.8798,104.7477
2025-05-15,582.2678,204.8874,81.0701,100.5949,104.7666
2025-05-16,585.956,206.5806,81.2867,100.7831,104.8047
2025-05-19,586.5969,205.7143,81.0512,100.7926,104.8047
2025-05-20,584.6247,205.8226,80.4673,100.5479,104.8237
2025-05-21,574.7733,200.0441,79.0921,99.4281,104.8332
2025-05-22,575.0002,200.0342,79.5065,99.9362,104.8522
2025-05-23,571.0753,199.4042,79.6384,100.0115,104.8997
2025-05-27,582.9483,204.4641,80.7498,100.9149,104.8997
2025-05-28,579.5757,202.3082,80.4013,100.6702,104.9092
2025-05-29,581.8636,202.9087,81.1454,101.1219,104.9377
2025-05-30,581.2128,201.8751,81.2679,101.4136,104.9567
2025-06-02,584.4867,202.5051,80.5115,101.1265,104.9729
2025-06-03,587.8198,205.7734,80.3697,101.1737,104.992
2025-06-04,587.662,205.1926,81.6744,101.9104,105.0015
2025-06-05,584.8219,205.2811,81.7311,101.5988,105.0302
2025-06-06,590.8275,208.5986,80.6912,100.9848,105.0397
2025-06-09,591.36,210.0359,80.7763,101.2871,105.0683
2025-06-10,594.7128,211.168,81.1923,101.5326,105.0778
2025-06-11,593.0167,210.3017,81.438,101.8538,105.0874
2025-06-12,595.3735,209.4649,82.4118,102.4205,105.1065
2025-06-13,588.7171,205.6356,81.6177,101.8065,105.1446
2025-06-16,594.3184,208.06,80.7952,101.6271,105.1446
2025-06-17,589.2399,205.8685,81.7784,101.9765,105.1541
2025-06-18,589.151,206.9544,81.9202,102.0521,105.1827
2025-06-20,587.7674,206.52,81.769,102.1371,105.2209
2025-06-23,593.5731,209.0471,82.0337,102.3921,105.24
2025-06-24,600.1304,211.7124,82.6293,102.8738,105.2495
2025-06-25,600.4666,209.2445,82.7333,102.751,105.2591
2025-06-26,605.1646,212.6403,83.1492,103.1288,105.2781
2025-06-27,608.1712,212.7094,82.6198,102.9588,105.3163
2025-06-30,611.079,213.0154,83.4329,103.5255,105.3163
2025-07-01,610.8813,215.2069,83.6398,103.6506,105.3268
2025-07-02,613.6506,218.188,83.1083,103.6317,105.3364
2025-07-03,618.487,220.2117,82.5295,103.3852,105.3747
2025-07-07,613.878,216.9048,81.7419,102.769,105.3938
2025-07-08,613.5418,218.4052,81.6375,102.4752,105.413
2025-07-09,617.221,220.7743,82.4915,103.0629,105.4225
2025-07-10,618.9618,221.9096,82.5485,103.0819,105.4321
2025-07-11,616.7858,218.8494,81.4097,102.4562,105.4608
2025-07-14,617.9628,220.3203,81.2389,102.4278,105.4799
2025-07-15,615.3221,216.0064,80.6696,102.058,105.4799
2025-07-16,617.3792,218.1782,80.7834,102.2192,105.5086
2025-07-17,621.1573,221.0409,80.7645,102.4657,105.5182
2025-07-18,620.7025,219.4713,80.8878,102.6553,105.5565
2025-07-21,621.8794,218.5829,81.609,103.0534,105.566
2025-07-22,621.9684,220.3992,82.1025,103.2999,105.5756
2025-07-23,627.2598,223.7654,81.6469,103.1387,105.5852
2025-07-24,627.4675,220.6756,81.5046,102.9871,105.5948
2025-07-25,630.1181,221.495,82.0171,103.3188,105.633
2025-07-28,629.9599,221.2383,81.4857,103.1103,105.6426
2025-07-29,628.2983,219.8267,82.8616,103.7928,105.6618
2025-07-30,627.5071,218.7112,82.4346,103.4042,105.6522
2025-07-31,625.1532,216.5691,82.482,103.4326,105.6618
2025-08-01,614.9066,212.1566,83.6546,104.3502,105.753
2025-08-04,624.2531,216.9048,83.8833,104.531,105.7722
2025-08-05,621.0881,218.0104,84.1405,104.6072,105.7626
2025-08-06,625.8455,217.7241,83.6546,104.5786,105.7914
2025-08-07,625.3212,217.0133,83.5118,104.4739,105.801
2025-08-08,630.1972,217.4872,83.1498,104.1408,105.8394
2025-08-11,628.951,217.4378,83.245,104.3026,105.849
2025-08-12,635.6469,223.8937,82.8259,104.3978,105.8682
2025-08-13,637.8228,228.247,83.5118,104.9498,105.8875
2025-08-14,637.8821,225.3053,82.8926,104.5881,105.8875
2025-08-15,636.3887,224.2096,82.302,104.4549,105.9163
2025-08-18,636.2501,225.0289,82.0639,104.2645,105.9258
2025-08-19,632.7984,223.3015,82.5402,104.4263,105.9547
2025-08-20,631.117,222.5117,82.7211,104.4739,105.9643
2025-08-21,628.5851,223.0645,82.3115,104.0742,105.9547
2025-08-22,638.2382,231.8106,82.9212,104.8927,106.0219
2025-08-25,635.4293,229.3724,82.683,104.6167,106.0219
2025-08-26,638.0898,231.2677,82.6354,104.6928,106.0315
2025-08-27,639.5436,232.9063,82.5402,104.7309,106.0507
2025-08-28,641.8085,233.1827,83.0831,104.8927,106.0603
2025-08-29,637.981,232.1462,82.4925,104.512,106.1083
2025-09-02,633.2534,230.8926,81.8786,104.1624,106.1353
2025-09-03,636.6854,230.6655,82.7775,104.7833,106.1546
2025-09-04,642.0063,233.548,83.4086,105.4997,106.1738
2025-09-05,640.147,234.7128,84.6803,106.1874,106.2317
2025-09-08,641.7195,235.1866,85.8086,106.5599,106.2509
2025-09-09,643.2032,233.8046,85.3209,106.3689,106.2413
2025-09-10,645.0626,233.39,85.8086,106.6841,106.2606
2025-09-11,650.4231,237.7038,86.3823,107.1808,106.2799
2025-09-12,650.2056,235.2755,86.0094,106.9897,106.2991
2025-09-15,653.6672,236.2725,86.2102,107.324,106.3184
2025-09-16,652.7672,235.8834,86.3919,107.2285,106.3377
2025-09-17,651.9561,236.4873,86.1719,107.0375,106.3473
2025-09-18,655.0024,242.3774,85.2827,106.8178,106.357
2025-09-19,658.2465,240.5362,85.1201,106.7318,106.3955
2025-09-22,661.3607,241.932,84.8141,106.493,106.4052
2025-09-23,657.7606,241.3875,85.407,106.7032,106.4052
2025-09-24,655.6678,239.1701,85.0819,106.2734,106.4148
2025-09-25,652.6429,236.8833,85.0819,106.0823,106.4244
2025-09-26,656.382,238.9127,85.0054,106.2256,106.463
2025-09-29,658.2267,239.1898,85.7034,106.579,106.4726
2025-09-30,660.7061,239.5264,85.4548,106.4739,106.4822
2025-10-01,662.9575,240.0511,85.6755,106.9015,106.5084
2025-10-02,663.7211,241.5657,85.925,107.0741,106.518
2025-10-03,663.7112,243.3575,85.7618,106.9398,106.5567
2025-10-06,666.0915,244.3276,85.0806,106.5947,106.547
2025-10-07,663.6219,241.7043,85.5699,106.7961,106.5567
2025-10-08,667.5792,244.2386,85.6371,106.6618,106.576
2025-10-09,665.6452,242.6646,85.5699,106.4509,106.5857
2025-10-10,647.6542,235.3984,86.9516,106.7481,106.6341
2025-10-13,657.5919,241.9518,86.9037,107.1124,106.6244
2025-10-14,656.7886,245.4067,87.1819,107.4671,106.6534
2025-10-15,659.7044,247.8122,86.99,107.4671,106.6437
2025-10-16,655.2117,242.5952,87.6425,107.7739,106.6631
2025-10-17,658.9308,240.9618,87.5082,107.563,106.7114
2025-10-20,665.7841,245.664,87.844,107.8889,106.7211
2025-10-21,665.7741,244.5058,88.2758,107.9081,106.7307
2025-10-22,662.3128,240.8925,88.3334,108.0136,106.7501
2025-10-23,666.2403,243.9415,87.7289,107.8793,106.7598
2025-10-24,671.6852,246.9213,87.7673,108.0615,106.7791
2025-10-27,679.6095,247.7825,88.0647,108.2436,106.8081
2025-10-28,681.4145,246.456,88.295,108.2532,106.8178
2025-10-29,681.7419,244.3573,87.4026,107.6397,106.8081
2025-10-30,674.244,242.3874,86.8941,107.0645,106.8178
2025-10-31,676.4556,243.7535,86.635,106.6331,106.8371
2025-11-03,677.7252,242.9714,86.4183,106.3463,106.8672
2025-11-04,669.6917,238.7741,86.6109,106.4907,106.8769
2025-11-05,672.0125,242.2191,85.6672,106.1732,106.8866
2025-11-06,664.8022,237.9326,86.4376,106.7312,106.906
2025-11-07,665.4567,239.1799,86.2546,106.5195,106.9448
2025-11-10,675.8408,241.5756,86.2354,106.5773,106.9545
2025-11-11,677.3879,241.7835,86.6302,107.0006,106.9545
2025-11-12,677.7648,241.1895,86.7843,106.8948,106.9642
2025-11-13,666.518,234.4084,86.0717,106.3656,106.9739
2025-11-14,666.4089,235.0915,85.5805,106.0769,107.003
2025-11-17,660.2003,230.419,85.7924,106.1443,107.0127
2025-11-18,654.6562,231.1218,85.7635,106.1924,107.0321
2025-11-19,657.1853,231.0822,85.5902,106.202,107.0418
2025-11-20,647.1683,226.8057,85.9272,106.3463,107.0515
2025-11-21,653.6149,233.2304,86.1872,106.7216,107.0903
2025-11-24,663.2352,237.4871,86.6784,107.1449,107.1
2025-11-25,669.4734,242.6646,86.8998,107.4432,107.1097
2025-11-26,674.0952,244.8127,87.285,107.8088,107.1291
2025-11-28,677.7747,246.2481,86.8709,107.626,107.1583
2025-12-01,674.6803,243.1496,85.7895,107.0495,107.1797
2025-12-02,675.9301,242.7041,85.8282,107.1171,107.1991
2025-12-03,678.2706,247.1193,86.0698,107.3585,107.2186
2025-12-04,678.7665,249.2873,85.6059,107.1654,107.2186
2025-12-05,680.0558,248.2478,85.2097,107.0591,107.2575
2025-12-08,678.0128,248.3468,84.9294,106.837,107.2673
2025-12-09,677.4276,248.8616,85.0164,106.7018,107.277
2025-12-10,681.9204,252.2472,85.3449,107.1943,107.3062
2025-12-11,683.5073,255.2071,85.229,107.0398,107.3256
2025-12-12,676.1581,251.2968,84.4075,106.3928,107.3549
2025-12-15,675.1365,249.3961,84.4655,106.5183,107.3743
2025-12-16,673.2919,248.2161,84.9294,106.7598,107.3841
2025-12-17,665.8832,245.5741,84.8521,106.6439,107.3938
2025-12-18,670.9115,247.0342,85.258,107.0495,107.4132
2025-12-19,676.9923,249.1001,84.9398,106.7741,107.4299
2025-12-22,681.2098,251.8714,84.7554,106.7547,107.4494
2025-12-23,684.3233,250.3815,84.8912,106.8614,107.4494
2025-12-24,686.7305,251.0072,85.4054,107.2783,107.4787
2025-12-26,686.6609,249.7259,85.1241,107.2686,107.5177
2025-12-29,684.2139,248.1963,85.4443,107.414,107.5177
2025-12-30,683.3783,246.3588,85.2405,107.288,107.5275
2025-12-31,678.3152,244.5014,84.5614,106.8323,107.5568
2026-01-02,679.5586,247.1037,84.4353,106.8032,107.5763
2026-01-05,684.0846,251.0271,84.8524,107.1038,107.5959
2026-01-06,688.153,254.3545,84.6778,107.1038,107.5959
2026-01-07,685.9348,253.7585,85.1726,107.1813,107.6154
2026-01-08,685.8651,256.5297,84.7457,106.8808,107.6251
2026-01-09,690.401,258.4766,85.3084,107.2686,107.6544
2026-01-12,691.4852,259.738,85.0562,107.1425,107.6642
2026-01-13,690.1026,259.589,85.2017,107.3752,107.6642
2026-01-14,686.7106,261.4166,85.6965,107.6467,107.674
2026-01-15,688.5807,263.721,85.6771,107.511,107.6837
2026-01-16,688.0037,263.9693,85.1823,107.2007,107.713
2026-01-20,673.9982,260.8107,84.0666,106.5511,107.7228
2026-01-21,681.7769,265.9856,84.7069,107.191,107.7423
2026-01-22,685.338,267.9721,85.0756,107.3946,107.7423
2026-01-23,685.5865,263.0257,85.3084,107.4625,107.7716
2026-01-26,689.0681,262.2013,85.7159,107.5498,107.7814
2026-01-27,691.8135,262.9462,85.1823,107.4334,107.8009
2026-01-28,691.7438,261.5258,84.9883,107.2783,107.8009
2026-01-29,690.3712,261.5954,85.0077,107.3074,107.8107
2026-01-30,688.3121,257.9004,84.5323,107.2007,107.84
2026-02-02,691.7339,260.4134,84.2908,107.1015,107.8615
2026-02-03,685.885,261.0094,84.4953,107.1501,107.8713
2026-02-04,682.5627,258.7646,84.281,107.0139,107.8713
2026-02-05,674.038,254.1062,85.1965,107.5296,107.9007
2026-02-06,686.9692,263.2343,85.2549,107.588,107.9203
2026-02-09,690.2816,265.0818,85.2354,107.588,107.9399
2026-02-10,688.4613,264.3666,86.2191,107.841,107.9399
2026-02-11,688.3022,263.1647,85.7613,107.7242,107.9497
2026-02-12,677.6687,257.7912,86.9008,108.2303,107.9595
2026-02-13,678.1461,261.1882,87.378,108.5903,108.0084
2026-02-17,679.2403,261.2676,87.5241,108.6974,108.0182
2026-02-18,682.6621,262.2112,87.193,108.5903,108.0182
2026-02-19,680.8617,262.8171,87.2806,108.6779,108.0378
2026-02-20,685.7856,262.827,87.0761,108.5903,108.0574
2026-02-23,678.7828,258.7348,87.3975,108.7071,108.0672
2026-02-24,683.7165,261.5556,87.5533,108.6779,108.077
2026-02-25,689.4859,262.7972,87.563,108.6487,108.0868
2026-02-26,685.6562,264.1977,87.9136,108.7169,108.0966
2026-02-27,682.3637,259.6486,88.4493,108.6779,108.126
2026-03-02,682.7516,262.0324,87.5611,108.3098,108.1397
2026-03-03,676.7337,257.4932,87.3852,108.261,108.1496
2026-03-04,681.5083,259.9962,87.1116,108.3586,108.1496
2026-03-05,677.7084,255.0299,86.7598,107.929,108.1692
2026-03-06,668.8256,249.1995,86.4374,107.5677,108.1987
2026-03-09,674.6845,251.9111,87.1898,108.2121,108.2085
2026-03-10,673.6003,251.6528,86.2615,107.47,108.2183
2026-03-11,672.7548,251.1463,85.1476,106.5912,108.2281
2026-03-12,662.5391,245.7429,84.9814,106.0151,108.2281
2026-03-13,658.789,244.9285,84.5613,105.6245,108.2674
2026-03-16,665.4934,247.2428,85.216,106.1323,108.2772
2026-03-17,667.244,248.8069,85.4505,106.7279,108.2871
2026-03-18,657.9335,244.797,84.9717,106.1518,108.2871
2026-03-19,656.3121,246.399,85.4895,106.6205,108.2871
2026-03-20,646.9034,241.0159,83.8675,105.312,108.3165
2026-03-23,653.6959,246.2199,84.4147,106.0053,108.3362
2026-03-24,651.5016,247.5433,84.0434,105.7905,108.346
2026-03-25,655.1322,250.5682,84.8544,106.1713,108.3558
2026-03-26,643.4324,246.2099,84.1411,105.3413,108.3558
2026-03-27,632.4606,241.8915,83.6819,105.0874,108.3951
2026-03-30,630.3461,238.4188,84.7958,105.7612,108.4147
2026-03-31,648.6689,246.7671,84.7078,106.4252,108.4246
2026-04-01,653.5563,248.3194,84.6245,106.5389,108.4384
2026-04-02,654.1448,250.0408,85.1444,106.99,108.4778
2026-04-06,657.2368,251.1055,85.0071,106.8233,108.4876
2026-04-07,657.526,251.6527,84.9972,106.9409,108.4975
2026-04-08,674.2729,259.1751,85.2719,107.3527,108.5073
2026-04-09,678.1628,260.6577,85.0561,107.3527,108.527
2026-04-10,677.7141,260.001,84.8501,107.0684,108.5566
2026-04-13,684.337,263.7523,85.1052,107.4802,108.5566
2026-04-14,692.6755,267.3841,85.5564,107.8332,108.5763
2026-04-15,698.1414,268.0508,85.1836,107.794,108.5763
2026-04-16,699.857,268.608,84.6441,107.2939,108.5861
2026-04-17,708.3152,274.4091,85.4191,107.892,108.6354
2026-04-20,706.8988,275.9713,85.3995,107.8822,108.6354
2026-04-21,702.2708,273.1454,84.9286,107.4704,108.6452
2026-04-22,709.3825,275.1056,85.0954,107.6763,108.6649
2026-04-23,706.6296,274.1503,84.909,107.3821,108.6748
2026-04-24,712.1055,275.2747,85.0659,107.4606,108.7043
2026-04-27,713.3323,275.7623,84.6441,107.1566,108.7142
2026-04-28,709.8612,272.5483,84.7324,107.2057,108.724
2026-04-29,709.7515,270.7274,84.0751,106.6076,108.724
2026-04-30,716.8133,276.5882,83.9966,106.7252,108.7437
2026-05-01,718.7982,277.8916,84.2969,106.8975,108.7714
2026-05-04,716.165,276.4986,83.6569,106.553,108.7912
2026-05-05,721.9102,281.1553,84.1197,106.9467,108.7912
2026-05-06,731.9443,285.3742,84.7597,107.4782,108.8109
2026-05-07,729.7001,280.8568,84.3363,107.0353,108.8208
2026-05-08,735.7246,282.7573,84.7597,107.4881,108.8603
2026-05-11,737.4003,283.9115,84.2477,107.2223,108.8603
2026-05-12,736.2831,281.1653,83.6864,106.8581,108.8702
2026-05-13,740.4025,281.2648,83.4993,106.9172,108.8702
2026-05-14,746.2475,283.0359,83.6175,106.8483,108.8801
2026-05-15,737.2706,276.22,82.3768,106.1691,108.9196
2026-05-18,736.752,274.5981,82.2783,105.9722,108.9295
2026-05-19,731.8446,271.6429,81.7466,105.4407,108.9394
2026-05-20,739.3453,278.4787,82.623,106.2577,108.9591
2026-05-21,740.8115,281.0857,82.9282,106.4742,108.969
2026-05-22,743.724,283.7026,83.3812,106.6711,108.9888
2026-05-26,748.6613,289.0658,83.7947,107.0747,108.9986
2026-05-27,748.5316,288.9265,83.9917,107.2223,109.0184
2026-05-28,752.6609,290.5783,84.4249,107.5471,109.0283
2026-05-29,754.5361,288.9862,84.4446,107.6456,109.0579
2026-06-01,756.5908,287.5434,84.4901,107.6288,109.0688
2026-06-02,757.6182,290.2101,84.668,107.6189,109.0886
2026-06-03,752.3019,286.24,84.3319,107.3225,109.0886
2026-06-04,755.1446,290.5583,84.5197,107.5497,109.0985
2026-06-05,735.6548,280.2498,84.0848,106.8778,109.1283
2026-06-08,737.3204,282.6976,83.6498,106.7692,109.1382
2026-06-09,735.1561,283.6031,84.1441,107.115,109.1481
2026-06-10,723.5659,280.6478,83.9068,106.868,109.158
2026-06-11,735.8643,288.9663,84.9942,107.777,109.1778
2026-06-12,739.844,291.4937,84.7866,107.7078,109.2076
2026-06-15,752.8904,293.8725,84.7372,107.688,109.2175
2026-06-16,748.402,291.3191,85.2018,107.8165,109.2373
2026-06-17,739.056,289.1249,85.3402,107.4707,109.2076
2026-06-18,746.74,294.82,85.7554,107.7671,109.267
2026-06-22,744.39,297.4033,85.103,107.4806,109.2571
2026-06-23,733.58,294.5507,85.2117,107.609,109.2769
2026-06-24,733.24,295.9171,86.3782,108.103,109.2868
2026-06-25,734.3,298.1313,86.3485,108.192,109.3067
2026-06-26,728.99,299.049,86.3584,108.192,109.3364
2026-06-29,741.0,298.1912,86.4474,108.3896,109.3463
2026-06-30,746.77,299.6674,85.4292,107.7671,109.3562
2026-07-01,745.76,298.5403,84.8517,107.541,109.3652
2026-07-02,744.78,296.8048,84.8418,107.7195,109.4148
2026-07-06,751.28,298.1214,84.7823,107.7492,109.4347
2026-07-07,747.71,295.4184,83.8893,106.9659,109.4248
2026-07-08,745.4,292.7155,83.7008,106.7577,109.4447
2026-07-09,751.71,296.4657,83.8298,106.7974,109.4645
2026-07-10,754.95,295.2189,83.8099,106.5495,109.4944
2026-07-13,749.17,292.7155,83.3139,106.0537,109.4844
2026-07-14,751.83,293.7428,83.423,106.3016,109.5142
2026-07-15,754.81,294.9995,83.5817,106.6685,109.5341
2026-07-16,750.72,294.82,83.552,106.5892,109.5341
2026-07-17,743.29,293.274,83.8595,106.6487,109.5739
2026-07-20,742.09,291.5486,83.2345,106.2421,109.5838
2026-07-21,748.28,295.7675,83.0063,105.9447,109.5739
2026-07-22,747.41,293.0247,82.788,105.7662,109.5937
2026-07-23,738.18,291.3291,82.5201,105.3597,109.5838
2026-07-24,738.93,290.4115,82.5995,105.3299,109.6136
2026-07-27,739.09,292.147,83.0956,105.6075,109.6236
2026-07-28,740.86,292.6058,83.5817,105.9248,109.6534
2026-07-29,729.46,287.8183,82.2026,105.32,109.6832
2026-07-30,741.69,291.8278,82.153,105.5084,109.6931
2026-07-31,747.03,290.4414,81.6073,105.3497,109.7229
2026-08-03,757.67,295.4484,81.8763,105.6664,109.7429
2026-08-04,771.33,300.924,82.5039,106.3137,109.7529
2026-08-05,769.79,298.9891,82.6832,106.2938,109.7628
2026-08-06,768.56,297.4731,82.205,105.9154,109.7728
2026-08-07,773.26,300.7744,82.4441,106.1046,109.8127
2026-08-10,773.03,299.1986,81.7467,105.517,109.8226
2026-08-11,770.56,300.2059,81.8763,105.5469,109.8326
2026-08-12,772.49,301.9214,81.7966,105.6764,109.8526
2026-08-13,777.88,302.7094,82.2747,106.1046,109.8725
2026-08-14,776.34,304.2953,81.7268,105.6764,109.9024
2026-08-17,772.67,303.2679,81.0395,105.2581,109.9024
2026-08-18,767.45,299.4479,81.3483,105.3975,109.9223
2026-08-19,769.06,300.934,82.7031,106.1245,109.9323
2026-08-20,762.6,296.8946,82.0257,105.6166,109.9423
2026-08-21,765.72,299.1786,81.7368,105.4772,109.9722
2026-08-24,763.47,297.1938,82.2448,105.7361,109.9822
2026-08-25,765.91,298.4505,83.1514,106.4133,110.0021
2026-08-26,766.08,298.1513,82.982,106.3336,110.0121
2026-08-27,771.1,299.029,82.8127,106.2838,110.0121
2026-08-28,769.35,294.9796,82.5636,105.9054,110.022
2026-08-31,767.05,293.1643,82.205,105.766,110.032
2026-09-01,761.78,289.8131,81.87,105.22,110.05
2026-09-02,765.16,293.2441,81.95,105.35,110.06
2026-09-03,773.17,294.4211,82.07,105.5,110.08
2026-09-04,770.19,295.2389,82.21,105.48,110.13
2026-09-08,765.96,293.9024,82.2,105.48,110.13
2026-09-09,762.4,289.8829,81.73,105.31,110.14
2026-09-10,757.83,286.9506,80.78,104.36,110.12
2026-09-11,764.29,288.1375,80.87,104.32,110.15
2026-09-14,760.88,287.16,80.93,104.3,110.16
2026-09-15,757.39,285.14,80.71,104.28,110.17
2026-09-16,754.05,283.92,80.88,104.45,110.16
